Original File Name,Anonymized File Name,UUID
B1352.txt,B1352_anonymized.txt,42521320-1c6a-4664-ac9d-2caea3d25f29
B1073.txt,B1073_anonymized.txt,75714eb6-13ca-4db4-bde5-d19f7e1c533a
B1455.txt,B1455_anonymized.txt,978fc6c8-090e-49a8-b4b1-0e90f1b1909e
B758.txt,B758_anonymized.txt,302fa78a-e861-4974-a3be-2cf506c164ac
B1347.txt,B1347_anonymized.txt,2098fe06-79d7-4b26-b7c2-104f5b904772
B812.txt,B812_anonymized.txt,f6097ae4-b2ba-4275-9208-6d62876cbb40
B575.txt,B575_anonymized.txt,70ca926d-a8bf-4660-9da4-2f61b8fc8ff3
B1577.txt,B1577_anonymized.txt,6e8e3f5e-4ef3-4121-ad05-e7d1a7463012
B412.txt,B412_anonymized.txt,1fe9e6cf-47a8-4ebe-8683-0e9f2a9594f7
B1002.txt,B1002_anonymized.txt,b5cfbae3-9000-4500-8a94-59e3684ab2e8
B303.txt,B303_anonymized.txt,e714633c-11d2-4743-8526-2ca56686c226
B477.txt,B477_anonymized.txt,1e34effb-aa4a-4d7a-9800-895e0787ffcf
B006.txt,B006_anonymized.txt,cc339e90-cc74-4d2e-b682-967ffd99d80c
B1475.txt,B1475_anonymized.txt,bfb5aae8-f5f0-4400-bcc2-c10827bd8dc4
B1327.txt,B1327_anonymized.txt,ff00b28d-cc97-42f4-a74f-d0b7e9137943
B1357.txt,B1357_anonymized.txt,3146bb6e-631c-4549-836c-f0f09a627b31
B1519.txt,B1519_anonymized.txt,565badc3-86cd-47c4-9cf7-e73bd6be00ce
B1312.txt,B1312_anonymized.txt,ed5aba07-7e68-4e63-be67-1f38ee47aa5a
B1322.txt,B1322_anonymized.txt,82974902-beae-4d7f-94fa-45f89366a759
B493.txt,B493_anonymized.txt,a43b9275-2956-4028-8ce7-1d68cdeb37e1
B1247.txt,B1247_anonymized.txt,b4dfb3b4-e726-4aae-9233-b5115e497e43
B468.txt,B468_anonymized.txt,fdc55d83-e671-46c7-b0b9-e72429ad8a0a
B1320.txt,B1320_anonymized.txt,c9789827-d977-4920-aea9-d7c90cac582a
B589.txt,B589_anonymized.txt,ae820a7d-5559-4444-915e-9c95c581231c
B720.txt,B720_anonymized.txt,4264875b-e165-4afb-9611-b0a1b52f9284
B614.txt,B614_anonymized.txt,bd3415b6-94fd-4100-81c9-952060bfacfa
B194.txt,B194_anonymized.txt,a9856608-7711-4240-ba1e-759dd8e18015
B508.txt,B508_anonymized.txt,5de65c5d-4704-4913-bb67-fa332cbdd5d8
B314.txt,B314_anonymized.txt,f493101e-0644-4290-b810-1553c0118c5c
B1161.txt,B1161_anonymized.txt,1cec802a-375c-4760-8a6a-20a893b6dd56
B623.txt,B623_anonymized.txt,a17d4c75-b687-4634-8f80-0a88db1c94d5
B1513.txt,B1513_anonymized.txt,dabd2229-ca1d-456f-ac3e-a072a166de7d
B1011.txt,B1011_anonymized.txt,92dd96f5-726b-4d34-a939-e81fef69ba40
B520.txt,B520_anonymized.txt,6ebb2043-4ef4-4b0e-99a2-68467d024863
B774.txt,B774_anonymized.txt,5d29b6e1-3f3a-4af4-a109-2e6ce156392a
B171.txt,B171_anonymized.txt,9a901056-fa19-4fd1-84f3-511f045f8a80
B1378.txt,B1378_anonymized.txt,cc0048bd-f98a-45bc-b74a-2820698b5858
B401.txt,B401_anonymized.txt,82207f73-5b69-4281-8326-6f521fc8926d
B716.txt,B716_anonymized.txt,608752db-68d7-4f9d-9df6-6ff6c1b09bbf
B123.txt,B123_anonymized.txt,3d258a44-5bd4-4ace-9e45-57ca8aa71a7f
B379.txt,B379_anonymized.txt,fa5645d8-a4ee-4d8a-924d-eb748705431c
B1400.txt,B1400_anonymized.txt,25b6114e-6030-4043-8050-7a59087a254c
B512.txt,B512_anonymized.txt,012869eb-8848-40ea-96a5-b41b9e5ecd9c
B209.txt,B209_anonymized.txt,e9a4b7a6-02d7-4ebf-86ad-5418fd5b2871
B460.txt,B460_anonymized.txt,5aa724ab-f38e-4218-8c42-8d30871d0cac
B1123.txt,B1123_anonymized.txt,20ed9563-ebd8-4c5f-a624-b2af35d390a2
B1165.txt,B1165_anonymized.txt,7ab421c1-c4e8-4d3e-916a-dcf8db1c1d47
B364.txt,B364_anonymized.txt,3b9ecccc-3f9a-4933-9ef5-bda5daba178c
B1525.txt,B1525_anonymized.txt,c8f27576-64d7-4340-b5d8-5a42134de814
B533.txt,B533_anonymized.txt,85361bac-dfc0-46a4-9fb8-c512c3256ffb
B214.txt,B214_anonymized.txt,ba82c2cf-9517-40a4-b81c-0e51693f3923
B1369.txt,B1369_anonymized.txt,8f805f5c-ec47-42c8-9400-aad44fa79108
B567.txt,B567_anonymized.txt,9a26a272-8654-479a-a14a-3cf938bfd624
B1118.txt,B1118_anonymized.txt,28337cec-1ffb-4793-a153-86bb13525057
B762.txt,B762_anonymized.txt,fe4a1d08-1a01-40af-880e-f3628a1c8cb9
B1009.txt,B1009_anonymized.txt,de0ef993-ea71-4f06-a760-6e07a5d1b67c
B1368.txt,B1368_anonymized.txt,d47a224a-46dd-423c-868c-29044907517c
B052.txt,B052_anonymized.txt,116ca3ae-423f-4c53-8036-bd0bcc5f91a0
B596.txt,B596_anonymized.txt,ad9ee9eb-e965-4cb0-9ee1-fd36e7c422f1
B1540.txt,B1540_anonymized.txt,5e76cbd5-3705-46e7-ad86-5be2975175d9
B1583.txt,B1583_anonymized.txt,36c5582d-68c7-4b1f-b4b6-d79750b04c7e
B250.txt,B250_anonymized.txt,e5f59235-caaa-4487-8b57-6912d1eb0f9c
B1419.txt,B1419_anonymized.txt,506568e0-56a1-4257-83d0-aba61ae65b35
B1571.txt,B1571_anonymized.txt,4c124411-e5e3-4859-b58d-249a5a819656
B1440.txt,B1440_anonymized.txt,fc0cb2be-6617-4686-b018-af76e6bd4bfc
B244.txt,B244_anonymized.txt,bdca99e5-c8b9-427a-b6dd-b3891d5288a7
B1083.txt,B1083_anonymized.txt,7c164b25-e319-4cae-8a4e-d73b2211e101
B1355.txt,B1355_anonymized.txt,8dacbc6f-d707-4683-aba2-ebf2c67ba9d0
B192.txt,B192_anonymized.txt,d0d0f43c-1546-4cd7-bdac-3726a8051dd3
B1183.txt,B1183_anonymized.txt,547215ef-3d72-4e9d-8fdc-643ad7ef0385
B1442.txt,B1442_anonymized.txt,5ae6ff90-2817-4b21-83be-f7871e361a7e
B822.txt,B822_anonymized.txt,11cfd327-513e-4843-a070-2544ef4fbd33
B1433.txt,B1433_anonymized.txt,22148e88-02fb-4a28-bdda-42ad5cf80056
B1067.txt,B1067_anonymized.txt,e61d3ace-6133-4edc-b2ce-5a00ecbab3ff
B408.txt,B408_anonymized.txt,dfbfcff5-7426-4b3a-abcc-dc5953f72191
B693.txt,B693_anonymized.txt,635dd41e-3c83-4f2e-8ff5-a12c65b51e82
B1413.txt,B1413_anonymized.txt,543cbbfe-1828-461e-94c9-448cad0e6e48
B373.txt,B373_anonymized.txt,8d25f0af-7374-4b8c-b73d-b92688aeabd7
B1514.txt,B1514_anonymized.txt,52d7dbd1-3dce-45f1-9aef-ddba01e2c0de
B1221.txt,B1221_anonymized.txt,3cdf840d-c287-40cd-8c3e-e16f99535898
B1515.txt,B1515_anonymized.txt,b12faaca-f7bf-4627-8632-fc77354ed1bf
B023.txt,B023_anonymized.txt,331efba9-84f5-466a-b8b2-efa4a3c91cf8
B452.txt,B452_anonymized.txt,dc0adf08-893f-4e16-a15b-ee553d3fe5fe
B773.txt,B773_anonymized.txt,0909d20a-4dbe-4fc3-b99b-43a98192f0bc
B1210.txt,B1210_anonymized.txt,8ef53372-bae5-4b60-8540-db379010fa57
B763.txt,B763_anonymized.txt,687b21be-315e-433e-b907-e112f67bafca
B1239.txt,B1239_anonymized.txt,844f26d5-6967-4897-a4c1-615073deefa1
B203.txt,B203_anonymized.txt,e00c4aa1-f8b7-468a-b31b-a418249b2607
B811.txt,B811_anonymized.txt,12d954f5-072f-43fa-8fba-b969d869e30e
B729.txt,B729_anonymized.txt,26306ab8-dc10-4bfd-ae8c-44b96e6d36d8
B1264.txt,B1264_anonymized.txt,b427d3c4-1bc7-43a8-b7f8-595fd52db1b6
B1266.txt,B1266_anonymized.txt,5d8df4d2-c3bc-4acb-8485-0fbb52f7b11f
B058.txt,B058_anonymized.txt,885843b2-fe1a-4e74-a2a4-2180683fdf03
B063.txt,B063_anonymized.txt,c9570146-9e38-4e0f-9878-662b723ebd0e
B833.txt,B833_anonymized.txt,fee79493-9b9c-423b-9998-364034581319
B1071.txt,B1071_anonymized.txt,7c020d2e-fbda-446d-b81c-f0279d9f03c1
B1201.txt,B1201_anonymized.txt,8eb95a97-e7a2-495d-a621-9f355807bf9a
B1463.txt,B1463_anonymized.txt,251764ea-d36c-4a8f-ab4b-2e0c450e1ab1
B298.txt,B298_anonymized.txt,703c423b-8f13-432b-a1c2-a1125fa76ea0
B642.txt,B642_anonymized.txt,3fd43d96-ee1d-481a-b5b2-7e3cc0949de3
B1194.txt,B1194_anonymized.txt,2b5cc3de-87b5-4715-8825-023b6208b1a7
B1578.txt,B1578_anonymized.txt,0565d24e-8ed2-4368-a86f-70091a840e64
B381.txt,B381_anonymized.txt,1eb02222-7eea-4d7e-8353-871be8047ebb
B588.txt,B588_anonymized.txt,1023231d-3ca7-40d7-a6c4-60f505e065d8
B1114.txt,B1114_anonymized.txt,ea60b510-1f5e-4979-b316-48f214671928
B1284.txt,B1284_anonymized.txt,a703b5da-d1fb-4d00-8646-99043914ec96
B1490.txt,B1490_anonymized.txt,ba6adf68-454c-41d4-b0d5-27f9f6a2aad1
B386.txt,B386_anonymized.txt,546929f5-46e6-4a14-aec4-dd1b92a869d1
B424.txt,B424_anonymized.txt,1ab6c4c0-b00d-42f8-a59e-65152579847f
B305.txt,B305_anonymized.txt,a4e76ea4-86af-40aa-840e-92a51a9721a9
B1560.txt,B1560_anonymized.txt,7868581c-b1d7-4154-8d62-01bb1ad40676
B1552.txt,B1552_anonymized.txt,ca70eb48-a333-43ce-bdb3-98d52cab2f78
B613.txt,B613_anonymized.txt,748ef2c6-98e4-4013-acbb-f49603e64288
B593.txt,B593_anonymized.txt,62ae98a5-bed9-478f-8fa8-c0edfbd4a09c
B359.txt,B359_anonymized.txt,42a3514f-4ffb-4e70-8767-f9f39f63083d
B349.txt,B349_anonymized.txt,b23ae8eb-9f35-4eea-9b23-6dc6351930b4
B1169.txt,B1169_anonymized.txt,a8442ba6-cfe9-44e8-9d4d-f07908cc450a
B015.txt,B015_anonymized.txt,d39fb8be-27a5-4943-9487-c2e29db8bc6f
B249.txt,B249_anonymized.txt,dc432dd0-4899-4c00-8f45-8384e15a3a4e
B831.txt,B831_anonymized.txt,d5e4b514-1aff-41b6-bac4-3389707f7032
B372.txt,B372_anonymized.txt,b598d7b6-83d4-4a86-9960-93ab5e092f46
B1038.txt,B1038_anonymized.txt,e2d09152-1ac8-4393-9b9f-21a18e39e544
B1131.txt,B1131_anonymized.txt,96028be0-e2d1-4075-a881-7cbd5f7f5001
B746.txt,B746_anonymized.txt,1392f280-a868-4949-9ef7-9422cb1db3ae
B1189.txt,B1189_anonymized.txt,f2f32c54-ebc4-4a53-b821-c3a6cf3b2c9c
B1384.txt,B1384_anonymized.txt,d15855b4-1ab9-42da-bf5f-5d7b2f56a2be
B1396.txt,B1396_anonymized.txt,b12db5da-c46f-415a-b5ca-bc7d1a74140d
B1213.txt,B1213_anonymized.txt,d665e02c-8a45-4253-945f-609ef30663db
B1349.txt,B1349_anonymized.txt,fa80ebcc-8db2-45e9-9932-32951c5cfd1a
B728.txt,B728_anonymized.txt,c0b4d1ae-49fc-4e45-99f1-e95c152399c1
B1505.txt,B1505_anonymized.txt,1fed8505-e088-4155-a479-9c0e6b60b5a8
B464.txt,B464_anonymized.txt,03a7d3e9-1bfd-4f8c-ae71-39f578f40f26
B442.txt,B442_anonymized.txt,225b6708-6fba-4f9e-ba12-82198107ec27
B060.txt,B060_anonymized.txt,214d5107-90cd-4d6c-93f6-d9af297563b6
B1432.txt,B1432_anonymized.txt,f19a1e80-a02d-4461-a5a4-b55e1567b242
B724.txt,B724_anonymized.txt,43bfc301-32ff-4c68-961e-ee22b94f517d
B1579.txt,B1579_anonymized.txt,03d0d015-b7c4-4f95-be29-9c730a792409
B694.txt,B694_anonymized.txt,d82f80cb-f43e-4fc3-8f52-4b2031a24cac
B1545.txt,B1545_anonymized.txt,6db0c954-6d39-482a-b1ef-92a287572803
B1241.txt,B1241_anonymized.txt,9172ffcd-8e7c-4ffb-bc87-5cb909da73af
B267.txt,B267_anonymized.txt,e30ac5c8-5d8e-4653-98b3-0269978b8d23
B1103.txt,B1103_anonymized.txt,db78d8d6-e114-4fb8-a601-beef7de47e11
B168.txt,B168_anonymized.txt,acabd7e9-3cd7-45a4-b514-8a31080829b3
B1306.txt,B1306_anonymized.txt,310212a3-840a-49c7-85f7-be8797cb8b38
B302.txt,B302_anonymized.txt,e187ed1e-3bcc-41a0-9c10-fac77303df6a
B481.txt,B481_anonymized.txt,ae7db40a-322a-42be-a211-9e5374d8e1b8
B476.txt,B476_anonymized.txt,f284699a-8020-40a1-ae79-b6c6ec598934
B416.txt,B416_anonymized.txt,5f37f3e3-327e-4420-b807-bbd02c92ea7e
B1435.txt,B1435_anonymized.txt,9357af36-af9c-458f-82b7-4de276694f38
B531.txt,B531_anonymized.txt,f1db4749-2ca1-40f9-b345-eae2e106ae4e
B237.txt,B237_anonymized.txt,3cac672f-b9e8-43bc-bc7e-f9025f5bce92
B1168.txt,B1168_anonymized.txt,ba12556f-43f5-4b84-a070-a24edd0078f1
B1102.txt,B1102_anonymized.txt,6a4665d9-db27-4423-aa1e-75474aa188e2
B590.txt,B590_anonymized.txt,0be0596c-0905-49a5-9456-bfb8f783f702
B101.txt,B101_anonymized.txt,10975550-750e-4320-8e57-e97fe67ffcd4
B650.txt,B650_anonymized.txt,1401748b-fa6f-404a-ab45-a93f5b47531c
B182.txt,B182_anonymized.txt,0e8e45b1-e77d-4390-abff-9ad7eff16f44
B672.txt,B672_anonymized.txt,b44ae855-727c-436d-aa79-097439bbb868
B299.txt,B299_anonymized.txt,1a8664a5-540a-43ac-b3bc-75cd8f596a6b
B1376.txt,B1376_anonymized.txt,677f3aae-61b6-43d4-bc67-9b77df9e9f60
B585.txt,B585_anonymized.txt,0fa7bf38-4aad-4dee-b363-96bdc6be0ebb
B145.txt,B145_anonymized.txt,32636e12-2ec4-43d6-a3fb-2c81eb15ba84
B351.txt,B351_anonymized.txt,32a292d9-8c0b-48d4-bc5d-8c50f1834bbf
B813.txt,B813_anonymized.txt,25c8a75e-8daa-468d-85b2-3151ebc63046
B205.txt,B205_anonymized.txt,7f69e438-6d91-49a8-b068-fe4ac8d55508
B801.txt,B801_anonymized.txt,ab918985-3dbc-4383-aa21-36dd6d417838
B1591.txt,B1591_anonymized.txt,27a250bc-0099-4b60-9655-986f75d10ab2
B1187.txt,B1187_anonymized.txt,8e46bde3-cb0f-4380-9721-861de8d502e3
B484.txt,B484_anonymized.txt,cd680c2e-0517-42f2-a396-f0095e366303
B264.txt,B264_anonymized.txt,f9b8e4a8-d763-4758-a7e3-bcfe0eaa39fe
B1108.txt,B1108_anonymized.txt,b5187629-fb90-469f-be6a-560998a95614
B482.txt,B482_anonymized.txt,211c92fc-1f54-4146-a4b9-c1b32240dad3
B1040.txt,B1040_anonymized.txt,ea4d3061-9230-4e5b-b089-b6ce2d0b80fe
B279.txt,B279_anonymized.txt,499b87f4-cfc5-4dea-b176-6806abb396ef
B005.txt,B005_anonymized.txt,e5ed2e04-eacf-4162-b5c4-559065a5c71f
B344.txt,B344_anonymized.txt,74a10e90-61d9-47c7-8582-8e3c7423d19a
B406.txt,B406_anonymized.txt,33a39080-6aad-4d96-a197-a23f18e2ae8d
B1407.txt,B1407_anonymized.txt,53f84dac-ff79-4322-b7cb-d4ddd760ed80
B417.txt,B417_anonymized.txt,963535ee-a5bf-4330-b256-8e12f4b9e430
B054.txt,B054_anonymized.txt,e40742ec-2f4b-4f0a-8ffb-45c512a75b0f
B284.txt,B284_anonymized.txt,7f0ba519-7ed2-4862-94f3-b370a4b3a477
B1276.txt,B1276_anonymized.txt,f6203c45-f44c-4170-aff3-97045267e51c
B771.txt,B771_anonymized.txt,5361e2d5-11b3-435d-bc5b-7a37b58098d8
B091.txt,B091_anonymized.txt,4cff149a-bea9-4365-9808-8e674eb0c03a
B238.txt,B238_anonymized.txt,045e0551-0989-4024-a04b-3b63e3e16c3e
B1559.txt,B1559_anonymized.txt,787d7101-7820-4dae-be04-906fe93fc06d
B455.txt,B455_anonymized.txt,7e851e7b-1642-44a3-8706-0930945f16b8
B1408.txt,B1408_anonymized.txt,c1c87131-d9a6-4dcf-978b-725ea633ccd6
B269.txt,B269_anonymized.txt,f1d19ac0-7bbe-430e-8eb6-9c38de6779be
B823.txt,B823_anonymized.txt,31e11f77-b7e4-4c14-ad2a-53f5c0b22293
B310.txt,B310_anonymized.txt,0587d58b-4d4d-44f4-8a4a-aba798883b11
B770.txt,B770_anonymized.txt,6a3e6f51-a6f1-4734-a333-29efc4d392e0
B703.txt,B703_anonymized.txt,d0466d63-8d32-4e32-9199-28f10bd069ec
B427.txt,B427_anonymized.txt,7305264c-d6e4-47bb-98e1-d55cd2e91017
B679.txt,B679_anonymized.txt,db2badde-3088-44bd-8972-3b5374738780
B1094.txt,B1094_anonymized.txt,b78a2d09-baea-46db-a053-99ef7dcc2267
B1430.txt,B1430_anonymized.txt,6b8362fb-c6a3-4b57-b004-3ad7c7886ee5
B1547.txt,B1547_anonymized.txt,26896555-3283-47df-9623-cddc1dda5a95
B039.txt,B039_anonymized.txt,caeb1024-5492-4342-932b-a94491a983e5
B1243.txt,B1243_anonymized.txt,48d5e476-782a-4a18-aa7d-c88c93a27de4
B394.txt,B394_anonymized.txt,0386e6eb-d95c-4c4f-8cbd-f0f2321fbf62
B1298.txt,B1298_anonymized.txt,a5ee0025-acd5-4b95-875f-08b31941cf61
B636.txt,B636_anonymized.txt,156bd300-5758-4642-80e6-e0557d92bebe
B1027.txt,B1027_anonymized.txt,f826d51d-b8e6-46bc-8582-839a834344f2
B051.txt,B051_anonymized.txt,beda4974-d731-4900-a532-a9d32edf19f0
B030.txt,B030_anonymized.txt,8a9ebcf2-822d-4b03-addb-33408bddcca5
B643.txt,B643_anonymized.txt,30dd10cd-bf47-4078-9e08-726ad6b6e147
B471.txt,B471_anonymized.txt,9db6b930-f1d4-4152-bd39-fccd9231f10b
B1115.txt,B1115_anonymized.txt,568a79c6-90e6-4db1-8eec-9f3d5daa6875
B1129.txt,B1129_anonymized.txt,dc473e02-536c-45f5-848c-8c2718c29579
B106.txt,B106_anonymized.txt,b31cb11f-83da-42f2-bed4-3509eef91556
B500.txt,B500_anonymized.txt,3fece3b0-980f-4d58-9fa3-12f31e3f2f82
B1566.txt,B1566_anonymized.txt,49e58b2b-093f-46a3-a8ac-28c7a03b1db8
B1420.txt,B1420_anonymized.txt,9ce20a72-3bb7-46b5-aa0b-b48ad03aa74c
B1117.txt,B1117_anonymized.txt,9b24fae5-a00c-44ea-97ca-ce828896bfa9
B1093.txt,B1093_anonymized.txt,7dac34f0-4cbd-4bc2-a451-a9c1d6c5adc3
B1242.txt,B1242_anonymized.txt,20468568-f3cb-456b-b828-99759b975002
B744.txt,B744_anonymized.txt,458f6035-f83b-4cdd-af15-2fab92d54b3f
B1417.txt,B1417_anonymized.txt,4a3596f2-cde4-4f52-b86d-29aafea7891d
B278.txt,B278_anonymized.txt,daef725e-ab4a-4484-b26d-db4dcf4db5d4
B1493.txt,B1493_anonymized.txt,1afca475-fb8f-4cc7-9a68-159ee9a56d76
B645.txt,B645_anonymized.txt,0d368e48-9bdc-4832-84d3-69d76a8c4d0f
B662.txt,B662_anonymized.txt,20fb93cf-c098-4184-93ce-7d2075dda90e
B1195.txt,B1195_anonymized.txt,9d135498-2d19-47fa-8780-f122e7c72e1a
B1548.txt,B1548_anonymized.txt,80d37176-1a8b-43c7-a1d0-6cc0e16d3009
B753.txt,B753_anonymized.txt,7f7da2d3-d066-4aed-9998-5317777c756b
B423.txt,B423_anonymized.txt,5e95d0c1-fb84-4c3b-a09f-a3ae27703b54
B400.txt,B400_anonymized.txt,a4dc7ef6-7923-42bc-9b57-7047d7004801
B620.txt,B620_anonymized.txt,5438ef58-1045-46d4-9198-d4b3ba69f9de
B1268.txt,B1268_anonymized.txt,520a999d-e1d8-4cbd-bcb3-00d1cd1fd44f
B261.txt,B261_anonymized.txt,17ca75ff-da31-496e-ba09-13a9c0dc2cd4
B019.txt,B019_anonymized.txt,d638704f-1d3d-454d-9bc8-476647d55c20
B1004.txt,B1004_anonymized.txt,8654aad7-3a56-47df-8b34-22a4a7242c2a
B1034.txt,B1034_anonymized.txt,ea283d6b-4aa4-4f36-8f2c-5dac5633fc48
B201.txt,B201_anonymized.txt,7ab5a66c-439d-4a46-a16e-87970bdeaa66
B450.txt,B450_anonymized.txt,d83443e3-93b9-4ad7-9802-8681c0874b13
B1585.txt,B1585_anonymized.txt,72b30e2f-28a2-4a4d-8b67-f75a72e90fa5
B289.txt,B289_anonymized.txt,d2c29ed7-80d4-49fe-b170-1dc23dfb01e1
B398.txt,B398_anonymized.txt,32595740-29bc-4a85-9dc3-c4485b9231c5
B1212.txt,B1212_anonymized.txt,34007b5a-6be7-40db-b26b-0a9fa087b260
B494.txt,B494_anonymized.txt,fc6ce900-0378-463c-9484-052804aafa5f
B1224.txt,B1224_anonymized.txt,04363da8-2003-4b12-88fb-0ec2b00cbeee
B751.txt,B751_anonymized.txt,561f246c-1295-48c2-9891-73303a0a6568
B453.txt,B453_anonymized.txt,0648b7f4-e0ce-4516-be93-a5c997888424
B1202.txt,B1202_anonymized.txt,9cb4002d-f2fc-48e2-9557-2543f4540763
B178.txt,B178_anonymized.txt,1743a9d6-5220-46b7-9a08-d375111606b1
B473.txt,B473_anonymized.txt,304efcdd-9bf1-4298-a887-372777553ef4
B1512.txt,B1512_anonymized.txt,c23700c6-47b1-4f4c-8107-377367179f62
B615.txt,B615_anonymized.txt,88dc2e82-b8d5-4f5e-aed7-3a4a877e7a1f
B1439.txt,B1439_anonymized.txt,32e775e8-6a8c-4e68-ad65-adabd09b809b
B1336.txt,B1336_anonymized.txt,ff8a2c42-0af0-4ac6-b00b-2309b1da0402
B808.txt,B808_anonymized.txt,94445fb3-6d78-4d4e-8704-c74c87f0e2ed
B376.txt,B376_anonymized.txt,b48282ab-32e7-49cc-9619-46f65452fe8c
B580.txt,B580_anonymized.txt,5a2bcdd5-916f-4600-a15f-3c51264927a3
B622.txt,B622_anonymized.txt,0f09b04d-29df-4242-9c3b-eb11b37ea078
B368.txt,B368_anonymized.txt,50ab96ca-563f-4677-a82a-13378b44222f
B612.txt,B612_anonymized.txt,021165d1-446a-41af-84e6-46af268d12e0
B336.txt,B336_anonymized.txt,67cc5733-2654-4474-80ab-bbdb71155549
B1032.txt,B1032_anonymized.txt,59f8e1ce-51f9-40d9-83f9-09da7f9ab9d8
B389.txt,B389_anonymized.txt,c6927f7f-a601-4195-816c-a21b31acba5c
B175.txt,B175_anonymized.txt,c21f6a71-3ca6-40f9-b384-98d0acc48cee
B026.txt,B026_anonymized.txt,ef83c406-b634-4be7-8420-eb6e5e59be2a
B411.txt,B411_anonymized.txt,4b19cf30-0566-4f1d-9f3b-0d53df945fb3
B1597.txt,B1597_anonymized.txt,b6e001ee-a4a1-4451-97c5-6ed07e630b60
B162.txt,B162_anonymized.txt,27ffeb27-4926-4068-9c87-e4fcd79055cf
B1135.txt,B1135_anonymized.txt,9492a410-7536-4b85-8a0a-fb2f520ee03c
B1057.txt,B1057_anonymized.txt,1a46a67a-5f14-461f-a6a7-ae96f7870267
B1386.txt,B1386_anonymized.txt,b44d5111-0c30-4c0b-8b70-6e81b5a8f9d5
B540.txt,B540_anonymized.txt,b5f2f01e-4de5-40a7-a00f-f5d5c1d01887
B118.txt,B118_anonymized.txt,7d58f351-7707-4198-9c6e-03c684d08798
B733.txt,B733_anonymized.txt,4abc3c1b-cf5c-48c9-ad28-8292869f0f18
B1128.txt,B1128_anonymized.txt,47b62bb5-1ea3-4e3a-8164-5e9b6a281060
B073.txt,B073_anonymized.txt,6cbca08b-8e14-49cd-bbe8-a82b2a633b67
B446.txt,B446_anonymized.txt,a82a3218-ecc6-4784-89b4-e0f2948e8a31
B1319.txt,B1319_anonymized.txt,04041ed4-1696-4e44-80e6-874aa6afadb1
B033.txt,B033_anonymized.txt,0d80fae2-5b7e-44d3-88af-7a9ba4e11fae
B1314.txt,B1314_anonymized.txt,5148a8c8-fcf2-4e09-986c-37f94e278595
B1056.txt,B1056_anonymized.txt,e614f18b-434a-4073-91fa-130bfc55ec73
B1151.txt,B1151_anonymized.txt,bdb0d152-1556-4ca0-a422-4ca591042c2e
B013.txt,B013_anonymized.txt,2788252c-d553-4c3b-aeb0-9f3aeb88ac25
B1373.txt,B1373_anonymized.txt,449c36d9-96f4-45b1-9711-916a2c0f70cf
B1041.txt,B1041_anonymized.txt,a8743aa3-68eb-45aa-838c-3ee1f5e161ee
B730.txt,B730_anonymized.txt,42da05c1-34fe-462c-bb69-3be031c15e1e
B018.txt,B018_anonymized.txt,cb5b7844-6b97-487d-9452-bc73b415da62
B1521.txt,B1521_anonymized.txt,a6069f62-901d-4716-b73a-bb1c2161f409
B1143.txt,B1143_anonymized.txt,50eddc91-a46d-4232-86b3-2a9cfbeeb04f
B1192.txt,B1192_anonymized.txt,266c5a86-346e-4c17-ad6b-385e3bda4f4b
B827.txt,B827_anonymized.txt,3344e96a-2629-4d25-9da8-4078aa4ebcbf
B202.txt,B202_anonymized.txt,f24bf1d3-a87b-48ef-9a14-3bc315e3c3a7
B213.txt,B213_anonymized.txt,26de7c7e-a9c4-40d5-961c-af65d809ba63
B071.txt,B071_anonymized.txt,74cf7c5b-7420-4349-b171-6a73685ae787
B665.txt,B665_anonymized.txt,1b787ee1-dfe5-4b2e-91df-739189f48129
B285.txt,B285_anonymized.txt,e42203d1-7c0a-4f14-862a-b67e35550c70
B1225.txt,B1225_anonymized.txt,b08d8bd0-b774-41cb-934e-69ec98e18fe8
B1523.txt,B1523_anonymized.txt,fa223506-dbda-4da2-846a-c16f94bcd3af
B199.txt,B199_anonymized.txt,979b864e-97fc-47fe-942c-2adbc98e058b
B1188.txt,B1188_anonymized.txt,3e2a0a21-6fb3-46c6-8ecd-3b33d5d7f9c6
B754.txt,B754_anonymized.txt,67159487-5bc7-41c6-b6ef-2433253db573
B1394.txt,B1394_anonymized.txt,d0a0df24-6bc7-4f97-aa34-aedd684ba151
B736.txt,B736_anonymized.txt,b33c38b4-a9fb-4f4d-8276-c0baec859fc7
B320.txt,B320_anonymized.txt,3568e8e0-e4d6-468d-bef8-0c5e1effa933
B591.txt,B591_anonymized.txt,95c8fadb-38aa-42e7-841b-7b76dbf026f8
B1333.txt,B1333_anonymized.txt,049aec64-ace3-4cce-8a54-622d5e3f830c
B228.txt,B228_anonymized.txt,b7864f70-33da-4274-9665-60b71d79b962
B485.txt,B485_anonymized.txt,039d6341-bafe-49dc-8609-50426cae417c
B1259.txt,B1259_anonymized.txt,2dacd48a-8df7-453c-82fe-bf3a1564bfd6
B1485.txt,B1485_anonymized.txt,b65dd5d4-af59-4339-ae83-e26ed22dd453
B247.txt,B247_anonymized.txt,87811a21-fbec-427c-9f01-4e9e6c49fbcb
B561.txt,B561_anonymized.txt,afc11b4a-6618-41fb-972b-fc1a73c06e93
B352.txt,B352_anonymized.txt,f9b46666-a953-4735-bf5f-6fffc7e80d0c
B523.txt,B523_anonymized.txt,3bfe4720-538e-4212-a0ce-9a90c05ded1b
B243.txt,B243_anonymized.txt,f4700439-e047-4363-959a-441d653bfd17
B163.txt,B163_anonymized.txt,704cec4e-0bcd-487e-af9f-8eb4dbc28884
B153.txt,B153_anonymized.txt,63b1ac69-0747-42bf-aab0-2ce0c2dd3b8d
B1589.txt,B1589_anonymized.txt,87aaf1d1-f6e5-4300-8790-09bd96ee90e1
B1159.txt,B1159_anonymized.txt,3ecb6857-1e88-4279-ad57-b2f227e30bb3
B1290.txt,B1290_anonymized.txt,fcb0343e-8156-448f-b6c8-7b1dd02abeaa
B1534.txt,B1534_anonymized.txt,fe82a330-dd71-48a6-9d3f-e3970f852caa
B1342.txt,B1342_anonymized.txt,88147849-71f0-4d32-b82b-1fb5b8e09095
B405.txt,B405_anonymized.txt,a0f6df4a-7855-4cfa-b70b-f9342873124b
B426.txt,B426_anonymized.txt,455ede25-741a-434c-bd64-d6414c2abfc1
B1043.txt,B1043_anonymized.txt,1eaa5db5-0c14-4731-90c1-bc7b4be755ad
B439.txt,B439_anonymized.txt,ba38ead7-9e56-4b1e-8ea0-fadd3773ffd5
B1301.txt,B1301_anonymized.txt,5345ade7-4367-4c73-ba98-33204c07f0f2
B1472.txt,B1472_anonymized.txt,fee2489d-9e4e-4a9e-8942-27215dd59f0f
B466.txt,B466_anonymized.txt,3c39f283-6abf-41ec-8c9a-fab33f12bac2
B1335.txt,B1335_anonymized.txt,77154d54-56b7-496d-b08c-eb23615fe20f
B459.txt,B459_anonymized.txt,ad03850f-ce22-468b-a47c-8d8313768839
B526.txt,B526_anonymized.txt,642d7a12-9948-4aa3-8467-794749cb96fb
B413.txt,B413_anonymized.txt,1f3f5b92-c106-4dbc-af27-8436ec19765f
B1383.txt,B1383_anonymized.txt,50f130ff-e233-49d0-aae7-b5408c5a0e6e
B461.txt,B461_anonymized.txt,789b7982-a7ca-46b1-904b-9892352bbb66
B1081.txt,B1081_anonymized.txt,41439e76-238b-4658-9e5b-75b0d19025ba
B769.txt,B769_anonymized.txt,6963257f-20d4-43cb-a7d3-462314f7c5cb
B641.txt,B641_anonymized.txt,4f755e07-e011-45d2-b377-0b8ecd34a60b
B231.txt,B231_anonymized.txt,883b0afb-bfc0-4649-87fd-11220afa95d6
B139.txt,B139_anonymized.txt,25c834e3-12fa-4a94-ad76-f2882bc26375
B1487.txt,B1487_anonymized.txt,078c9055-72dd-4f36-b029-a99f87ebf9e2
B691.txt,B691_anonymized.txt,f5682f9e-8bad-4d3f-b613-0ba11ab5f968
B1186.txt,B1186_anonymized.txt,ae581c5d-d3b0-42b3-b903-198401f96440
B183.txt,B183_anonymized.txt,9a8ba59c-b813-4305-bcd2-105cefe344ff
B1441.txt,B1441_anonymized.txt,e8f3b040-f760-41af-8f52-f4d42e049415
B1294.txt,B1294_anonymized.txt,8752f22a-7e22-494b-ae74-ca14276088b7
B713.txt,B713_anonymized.txt,c5c0bcd7-bc5a-4d16-bbf2-7adca77d3182
B1537.txt,B1537_anonymized.txt,48674c05-cf44-467f-9cfc-3f85dc55d26c
B286.txt,B286_anonymized.txt,43e5bc37-4f7d-4e67-8f32-1b16c77491df
B1275.txt,B1275_anonymized.txt,975da0a5-cac0-4d3c-9288-3e112b6a9f12
B826.txt,B826_anonymized.txt,d16cabd7-feaf-4dd2-8478-1de6a8024c3e
B667.txt,B667_anonymized.txt,2b3128ca-e68d-4649-9990-b8f72c9b550e
B514.txt,B514_anonymized.txt,26f2d018-e06e-4f77-bb58-76b6940ef1b2
B025.txt,B025_anonymized.txt,c3b46b92-6baf-4f62-81a5-537bb3e1b742
B385.txt,B385_anonymized.txt,2ea0ec08-d912-4201-abc9-2a982720b39a
B488.txt,B488_anonymized.txt,2cde2f42-b32e-4fd9-8917-4a64d1b36e80
B1167.txt,B1167_anonymized.txt,e037f2cf-a390-4d60-b5c2-5d0ea5660477
B630.txt,B630_anonymized.txt,c868fb4f-b55d-4e60-a40e-51ad99f2e198
B1085.txt,B1085_anonymized.txt,af12f023-ea08-4903-b938-a3e4880cddd1
B1570.txt,B1570_anonymized.txt,e72475b4-ac35-416a-ab59-b1345fef6e16
B671.txt,B671_anonymized.txt,c4b2410a-c0f1-481e-bd84-de8b7ce1ca15
B326.txt,B326_anonymized.txt,63fd8f7a-aff8-46c0-a862-61cf4ee75475
B295.txt,B295_anonymized.txt,d2ec2f57-f93c-4980-bdc0-ea1eeab2418a
B830.txt,B830_anonymized.txt,ed3d39b0-b6ee-4b56-a422-2910c9a2d5eb
B1348.txt,B1348_anonymized.txt,bf49a483-d043-4c55-bef8-8a018aca160f
B1110.txt,B1110_anonymized.txt,885eaa33-28c0-4e67-9579-0fcba6a05eb0
B431.txt,B431_anonymized.txt,d3290c8a-00a1-4045-8ce0-3a553fcef805
B1020.txt,B1020_anonymized.txt,0ad71cd9-c783-4f41-8adb-b44a6757f661
B321.txt,B321_anonymized.txt,f3c3895d-6835-4c46-942c-eff5bd938ad9
B227.txt,B227_anonymized.txt,97cca503-f124-4a67-af33-42232e7403b1
B1337.txt,B1337_anonymized.txt,867cb9c2-d4ca-4ad7-89da-6bb52896c682
B378.txt,B378_anonymized.txt,c81dfc7c-e999-4f47-ada3-fc6be27b24a6
B598.txt,B598_anonymized.txt,4bf52154-039f-4466-b25e-77a82a68c779
B1076.txt,B1076_anonymized.txt,d297b5fb-58fa-4e95-a950-83989e8d180a
B1223.txt,B1223_anonymized.txt,8048c883-5cb3-49ea-aa2f-3ec9c09f4f54
B518.txt,B518_anonymized.txt,659c1110-17b8-4c8d-b04e-d00f155a0436
B1482.txt,B1482_anonymized.txt,cbbbaeb3-2b52-48b5-9c63-f14edd2c6606
B764.txt,B764_anonymized.txt,caa40e62-2d84-4550-ab58-d1e08ac164ab
B323.txt,B323_anonymized.txt,71d32e3d-12dc-421c-b082-35a75e631864
B1453.txt,B1453_anonymized.txt,7f2574e6-c0cb-4aae-9d49-73e85814e48d
B339.txt,B339_anonymized.txt,6198254c-3e59-480a-bcb5-847c7da988a6
B739.txt,B739_anonymized.txt,39b5d76f-e6fb-4937-9328-9eee1c0b2452
B1257.txt,B1257_anonymized.txt,e70e8500-1025-44e2-a847-1ec051317838
B179.txt,B179_anonymized.txt,58064fc8-1886-42df-b26d-e6be2501e93a
B1299.txt,B1299_anonymized.txt,114e2285-0680-40f0-928e-042beae97262
B502.txt,B502_anonymized.txt,b9349520-b7bd-4298-8951-5ed712acbf7a
B1190.txt,B1190_anonymized.txt,71787afb-47c5-47d5-99aa-9396728521f5
B1107.txt,B1107_anonymized.txt,16c81d29-f7eb-418a-97b2-dfa9ba9fbc7e
B1594.txt,B1594_anonymized.txt,b1bc3d23-650b-4de0-9c15-ed1c756e31d8
B1356.txt,B1356_anonymized.txt,dbf4443f-1f34-45e9-803c-fafd0df2ce2a
B510.txt,B510_anonymized.txt,7fc11e62-f259-4352-8b5a-78979f1bc939
B288.txt,B288_anonymized.txt,d8e9fc23-ee91-41a2-b531-bd77bee7d995
B338.txt,B338_anonymized.txt,d2ce1b65-3ce5-41de-83e6-9fd8c2db5ea6
B1200.txt,B1200_anonymized.txt,6a03b27f-52d9-4a4d-b04d-75f8594f4c1f
B772.txt,B772_anonymized.txt,f3208cb2-9e9c-4743-a1c1-931ff35f34a5
B517.txt,B517_anonymized.txt,4864c52d-975f-4c84-a02d-6df1265a0010
B1303.txt,B1303_anonymized.txt,36a75de4-687b-4beb-acb4-b70c91121909
B1563.txt,B1563_anonymized.txt,9e10957f-1f8b-42ae-929b-8d38da50f03e
B794.txt,B794_anonymized.txt,ffe790b3-50a9-46f1-958e-196da3df1fb4
B198.txt,B198_anonymized.txt,3ff3fdda-2710-4756-aaee-e6f545ad1b7b
B705.txt,B705_anonymized.txt,3eaf819c-bb37-46e9-a4f4-497b161c12bd
B257.txt,B257_anonymized.txt,4b86438a-7262-4bae-8b3d-0002f6393351
B1581.txt,B1581_anonymized.txt,542a315f-9e95-4555-997c-14201f2cfea3
B391.txt,B391_anonymized.txt,87bcf04f-f87a-4c10-9c37-f7727767c4b8
B356.txt,B356_anonymized.txt,98ee8e19-6e78-4654-839f-4bf7f3d14470
B1091.txt,B1091_anonymized.txt,e8d62c6b-9fb7-49c3-918b-8fbe0b5171aa
B676.txt,B676_anonymized.txt,5cd83774-a36e-4793-ae2e-311f00de0329
B347.txt,B347_anonymized.txt,7d3c6a8f-029f-4f59-9baf-7729c98562c9
B1450.txt,B1450_anonymized.txt,285e1caa-de18-43a3-a14a-32790ebbd351
B789.txt,B789_anonymized.txt,a7ae2840-56c3-4b21-95f3-e0e3a72afda9
B767.txt,B767_anonymized.txt,6d2565c6-228a-4a32-aa67-a9209f3150cb
B377.txt,B377_anonymized.txt,7ab18692-1eaa-40d8-a686-7f916c43cfc5
B541.txt,B541_anonymized.txt,b726ab60-dba8-4573-8646-023aaf08da61
B602.txt,B602_anonymized.txt,c071fdfc-3a45-4eef-a3bd-91e3579d5296
B1078.txt,B1078_anonymized.txt,d1ff3b10-7d5e-4e0e-abb4-b71093ecba01
B599.txt,B599_anonymized.txt,7dcb7da0-1368-462f-91ee-e88f415ac5cf
B273.txt,B273_anonymized.txt,5d0ac3b8-2524-42c1-a1fa-4736275cda3b
B509.txt,B509_anonymized.txt,a79bda7b-ac4a-415d-b413-51061ed8759e
B053.txt,B053_anonymized.txt,142d9d8c-633b-4518-9c2c-4f115648670d
B624.txt,B624_anonymized.txt,53ce2191-3756-4417-a6e9-18decca7c7c6
B340.txt,B340_anonymized.txt,edb0a69c-3267-4fab-bfd8-5524442c5181
B1013.txt,B1013_anonymized.txt,14c3046d-753d-4788-b431-b59ef8ff5de3
B1575.txt,B1575_anonymized.txt,99ad3e75-0be8-43eb-98fe-3785de07baf3
B016.txt,B016_anonymized.txt,8d958dc7-f4de-468f-80db-f4bfbd3d4d60
B254.txt,B254_anonymized.txt,4075a44a-8cc9-4e8e-badf-874563269a67
B690.txt,B690_anonymized.txt,65ce2daf-6ca4-42af-b9ab-bb65b6646683
B663.txt,B663_anonymized.txt,5c4987ca-2e74-41fd-a3f0-a9015bd39409
B1502.txt,B1502_anonymized.txt,7a25b7d8-deed-42bc-92fe-9e5a55f4dd46
B1431.txt,B1431_anonymized.txt,156168f4-88ab-4c82-b6f8-723d73758979
B564.txt,B564_anonymized.txt,0171ada4-428d-4915-bad8-348d867f6af6
B1145.txt,B1145_anonymized.txt,5d045d9b-40aa-4925-a026-a94b2ebeaf35
B307.txt,B307_anonymized.txt,353130d9-4754-4ec2-aa91-4098886b0333
B594.txt,B594_anonymized.txt,09df236e-59ba-4a30-a8e2-9956b98d3db7
B610.txt,B610_anonymized.txt,19057efd-8491-4551-8eb9-0d825bd332b6
B467.txt,B467_anonymized.txt,c53cd312-594b-416d-9591-c5e4dd2d0ca6
B647.txt,B647_anonymized.txt,997e3e89-81ed-4388-bd6e-d46c02532a0e
B761.txt,B761_anonymized.txt,f1274744-2f9e-44ee-b49a-5319a6ec16eb
B350.txt,B350_anonymized.txt,ce7ad6ff-b7e8-4327-84d9-867b8f0263c4
B743.txt,B743_anonymized.txt,409bbc26-2ef8-41b1-b158-fe5739d9ea0e
B371.txt,B371_anonymized.txt,969cd7e7-b4af-40fa-9d62-d4ed97471a56
B550.txt,B550_anonymized.txt,29df8e3d-17b8-45ec-9660-bda26cae2a68
B802.txt,B802_anonymized.txt,bf80ab18-49cd-49cd-9971-c57a68559834
B1399.txt,B1399_anonymized.txt,252f865a-1c71-47cc-83e6-31522b58c9aa
B141.txt,B141_anonymized.txt,a48eb5c1-ed9f-458f-a80a-8eb9f1b76d4f
B313.txt,B313_anonymized.txt,7b780589-309b-464e-b84e-ab51067ed953
B1185.txt,B1185_anonymized.txt,179d66be-0bc0-4ad2-ae8a-afe035e6b802
B1254.txt,B1254_anonymized.txt,e81d440c-8ab0-48a6-95ca-5490bdb2f58f
B1411.txt,B1411_anonymized.txt,f2bca9f6-1aca-4466-a638-e698fbedd7cd
B779.txt,B779_anonymized.txt,825ddc2e-1ef7-4536-bac7-bb798e7f37e8
B009.txt,B009_anonymized.txt,8809d530-6a3a-4c9a-b159-58bb05aeeda3
B316.txt,B316_anonymized.txt,e7d006d8-14a4-42d7-a745-7d9a89e0f20a
B414.txt,B414_anonymized.txt,42229823-f3f0-40fa-aee9-f984853a4831
B387.txt,B387_anonymized.txt,06371220-6a64-4995-99e2-25f591a5aed5
B683.txt,B683_anonymized.txt,998df527-02d1-4185-950c-2bcf6e534069
B1416.txt,B1416_anonymized.txt,b0eb4876-3c36-4b91-91e1-49c88db4f861
B1479.txt,B1479_anonymized.txt,7e6972cb-f539-48d4-a520-cf95ceaab234
B1390.txt,B1390_anonymized.txt,ad60741d-2214-4f51-a71b-97a6995b1575
B1481.txt,B1481_anonymized.txt,76064445-f123-419d-8547-2d5b9f735626
B1510.txt,B1510_anonymized.txt,457fcdc3-cc95-4e72-a9d1-f8f26b7a4e8d
B197.txt,B197_anonymized.txt,c6d1bf50-aea4-4b2e-978c-4f72912843a8
B437.txt,B437_anonymized.txt,c6f6f437-77f2-4f75-af99-c88e716cd267
B837.txt,B837_anonymized.txt,0c2ceaa1-800a-4b03-8deb-ec13bfe3ee8a
B434.txt,B434_anonymized.txt,add26a3a-298f-4f08-bb45-4670923fdf0a
B1248.txt,B1248_anonymized.txt,45623051-c08e-4b46-a37f-32f5ce0469de
B1593.txt,B1593_anonymized.txt,417e3fa9-5e00-4bdb-b414-5bc1a6f62379
B418.txt,B418_anonymized.txt,5c2cb9ea-806a-4610-9a69-45966e78c437
B329.txt,B329_anonymized.txt,07ce9d09-7642-4473-9fa9-baf896e29d60
B281.txt,B281_anonymized.txt,0585e38c-ebe8-4f58-a8b0-15febc76c310
B066.txt,B066_anonymized.txt,faba5829-cd32-4d72-b66a-4c3d669a71e3
B148.txt,B148_anonymized.txt,fdf8a4ab-52eb-4e41-94dc-5b2301029448
B266.txt,B266_anonymized.txt,8245efd5-cf84-46dc-92dd-9354c2e6df26
B563.txt,B563_anonymized.txt,b8f79a29-c98e-49e3-b3a8-136e94fa476d
B301.txt,B301_anonymized.txt,9ad77a34-479e-43ed-888f-6a8871688572
B1119.txt,B1119_anonymized.txt,15bd62f8-d527-443c-aaf9-43f6849a362e
B1278.txt,B1278_anonymized.txt,79530b85-d7db-4534-a30b-29379b483555
B080.txt,B080_anonymized.txt,c5836949-615f-418d-9eb4-5810db1d90b6
B828.txt,B828_anonymized.txt,c4257396-2ecb-407b-9ef1-c96782e2dc7e
B1203.txt,B1203_anonymized.txt,7bf14950-9d43-4acc-864f-43332ce6d51d
B522.txt,B522_anonymized.txt,f5708e5b-0f4c-40ee-aa35-9a685bf34e33
B193.txt,B193_anonymized.txt,9fb41c8d-d671-41db-bd03-f1e7ffe620e8
B207.txt,B207_anonymized.txt,06c112f3-445a-4d05-a727-5ca2e429a273
B032.txt,B032_anonymized.txt,52670513-b8cf-43fa-ac64-f7431d2e0ce4
B1289.txt,B1289_anonymized.txt,890c6775-aae8-44c7-a309-42e801515831
B1291.txt,B1291_anonymized.txt,81b58a03-de6c-4afc-8ccc-2e615f6d428b
B507.txt,B507_anonymized.txt,aef9a18e-e4ea-46c1-b238-75f6a01fbe60
B515.txt,B515_anonymized.txt,f2045d0f-45ee-41b9-9011-c5ad6056ce43
B687.txt,B687_anonymized.txt,d8e05db5-4f02-4975-835a-aec0749fe6ce
B1163.txt,B1163_anonymized.txt,9574bc04-1d0b-4c7b-8d1e-9e2760c0186d
B556.txt,B556_anonymized.txt,fef1fecf-c986-4eb9-95df-90dfe5e59587
B621.txt,B621_anonymized.txt,5236c9c8-3e7e-4f66-a04f-e7952bcc6fba
B169.txt,B169_anonymized.txt,d119e2e1-7e7a-4e0b-8158-186229938e10
B832.txt,B832_anonymized.txt,b2306d35-e40a-4258-b153-331254512c21
B219.txt,B219_anonymized.txt,b082b30d-6d79-417e-833d-7e18b74a4d46
B111.txt,B111_anonymized.txt,03cfda46-5295-4d3c-b104-7de255c0766f
B1270.txt,B1270_anonymized.txt,415d8be3-14e3-4470-866e-2d028c90a193
B1363.txt,B1363_anonymized.txt,8087a094-f641-48d3-88b5-687db1e35b67
B002.txt,B002_anonymized.txt,48749c04-e04a-4613-a117-b0d56be56ac0
B566.txt,B566_anonymized.txt,93a5be6d-a2f2-47b9-af4d-493dcacf495a
B648.txt,B648_anonymized.txt,db82ff23-69c5-41b8-9ac8-6b8543671462
B1572.txt,B1572_anonymized.txt,363d3608-328a-4312-b6e6-056cd943a2ee
B158.txt,B158_anonymized.txt,4b0bfa4a-776a-42bb-bfdd-f6da81c5c824
B829.txt,B829_anonymized.txt,8d74250e-2d3f-4a73-b013-44f4e84c562c
B164.txt,B164_anonymized.txt,9e8e1ba2-17a3-45ba-8af6-42a986b38a98
B1436.txt,B1436_anonymized.txt,c2399556-1fa2-4819-9d0d-0494ef7f2ecd
B225.txt,B225_anonymized.txt,38df2be8-b509-4d45-95a2-29dd1ca08da6
B1488.txt,B1488_anonymized.txt,c59bc2ab-962f-425f-9848-e7fdea1bb68d
B312.txt,B312_anonymized.txt,24dd5aee-f819-400a-8f07-f22b63148c8c
B457.txt,B457_anonymized.txt,96288b74-6026-423d-85b8-2a1931aff2c7
B1193.txt,B1193_anonymized.txt,9f98af02-bbfc-4063-9a7e-b51a1fa22dcc
B078.txt,B078_anonymized.txt,9cd816e5-d998-4e12-b8e1-b6bd10c2358e
B253.txt,B253_anonymized.txt,b36d7fa5-3658-4bf7-9ee5-4b429c668ab6
B1097.txt,B1097_anonymized.txt,8a4725b1-f69f-4e7c-9beb-ec02d405e3ce
B839.txt,B839_anonymized.txt,90a69094-7ff2-47af-b87d-77bb58564298
B1142.txt,B1142_anonymized.txt,a3d7ddfd-6c22-4633-bd5c-98fb32949ac5
B496.txt,B496_anonymized.txt,e6bd5b1d-8f92-4f65-986c-47d64dab0636
B1028.txt,B1028_anonymized.txt,22a238fe-32af-4ada-81d5-e063922af1e2
B1564.txt,B1564_anonymized.txt,d4cc4a26-f339-4917-be58-75fe14378d4f
B1444.txt,B1444_anonymized.txt,d5175257-4e6e-4aa5-8835-460152deac69
B282.txt,B282_anonymized.txt,389a075d-5ad4-40c1-8094-2c328dcc02a7
B108.txt,B108_anonymized.txt,91659d8b-abaf-4531-a13e-ce47b66da9c3
B551.txt,B551_anonymized.txt,0b2c6cb7-0060-4c54-817c-3926b3b94944
B011.txt,B011_anonymized.txt,a4798700-fc24-4f7c-90cc-b67a38bc1af9
B530.txt,B530_anonymized.txt,46ef22d7-02e1-4e02-ad14-a7078e3e706b
B725.txt,B725_anonymized.txt,59c032d2-3bd2-4e40-9ecf-f7287cc4815c
B1065.txt,B1065_anonymized.txt,99920edb-09b1-4593-8ef8-6672efa478b4
B632.txt,B632_anonymized.txt,5cdcc923-3d8f-4a63-9d09-7ca571ecd5de
B1311.txt,B1311_anonymized.txt,7a94a304-4b76-4f33-a1e9-0175f17f7339
B711.txt,B711_anonymized.txt,cd1b1a26-30c4-4205-a683-8bc35f1fd470
B441.txt,B441_anonymized.txt,61eafdc2-f557-456f-ae28-a11b2bbc6bc2
B633.txt,B633_anonymized.txt,91cf482f-0bea-438a-b114-b4981fd8f41d
B370.txt,B370_anonymized.txt,977a4749-016f-4300-99ca-902d4b3e7fc4
B1046.txt,B1046_anonymized.txt,e58e097d-e0a6-442d-8db4-7fa2364dad4d
B049.txt,B049_anonymized.txt,3e439a1b-f393-411d-897e-256073d84b0e
B1125.txt,B1125_anonymized.txt,4f0dc3a1-5745-43dd-af53-4d5a959dcfea
B1285.txt,B1285_anonymized.txt,4510c691-9ef6-4319-99e6-a4f3dd0378dd
B1418.txt,B1418_anonymized.txt,f98e69fa-efd8-4a63-a477-992973a853af
B451.txt,B451_anonymized.txt,df062170-2df1-4207-9c8a-c0e3bcdd0a2f
B1191.txt,B1191_anonymized.txt,8fa36678-4e82-4a52-a086-6a1f3d97ca26
B355.txt,B355_anonymized.txt,89e697f5-9a0e-4e64-b194-1aa55951cfad
B1587.txt,B1587_anonymized.txt,189d6abc-be50-4373-a782-8c4a223a4f0b
B660.txt,B660_anonymized.txt,48b25d15-d0a6-4f90-8ae8-da721bf89570
B081.txt,B081_anonymized.txt,13357af5-40c4-4042-be16-d5898f1cbd96
B702.txt,B702_anonymized.txt,24934325-46b1-4263-ab3b-27c636a3fa94
B750.txt,B750_anonymized.txt,65dc96e4-7bec-473f-b88f-6db6b1a19e13
B1518.txt,B1518_anonymized.txt,ce08917b-e9c0-48ba-a63f-60cad2589ed1
B788.txt,B788_anonymized.txt,600bbbf2-c45a-444b-b4a8-20cb88e31325
B1427.txt,B1427_anonymized.txt,f025816d-dd97-441b-aeb4-0ea3610cab70
B1172.txt,B1172_anonymized.txt,f6802e0b-b95a-4621-8c9a-f2b1c3d992e8
B260.txt,B260_anonymized.txt,afcf33ba-a999-40db-9eb7-c7cae4a4feb8
B174.txt,B174_anonymized.txt,ca89430d-10d6-4dca-a9f4-d2c05bb1f036
B252.txt,B252_anonymized.txt,10f2053e-6ecb-4908-96ab-096e946a63ae
B166.txt,B166_anonymized.txt,877ca91c-4313-42bd-8e0a-fde76775e53e
B064.txt,B064_anonymized.txt,45894d4c-4d86-4494-b1a8-1fc754fd79c4
B1208.txt,B1208_anonymized.txt,1f98f6fb-8eb1-47eb-a5ec-1acf50a74ea6
B322.txt,B322_anonymized.txt,8266ccde-6cf2-4c3a-b63b-ad48de0ecf5a
B1293.txt,B1293_anonymized.txt,cc85d085-38bf-47b7-873a-cc6846268442
B180.txt,B180_anonymized.txt,23a555ce-eafa-40fd-86fa-a36e0bc85b27
B726.txt,B726_anonymized.txt,59089f1d-a9eb-43df-b2c2-8ef5a19ea485
B1267.txt,B1267_anonymized.txt,612d3c35-18d4-47d2-b426-13186169b568
B403.txt,B403_anonymized.txt,83cf8779-ae37-48cc-8cd6-3d8c284e435f
B1405.txt,B1405_anonymized.txt,e1a55773-b8a8-4446-876c-e461aa30de54
B234.txt,B234_anonymized.txt,c2ef53d9-53ae-45c6-87f1-a0b32db72580
B129.txt,B129_anonymized.txt,71230d1c-994c-4fd7-bca6-f0ccaa900d9b
B112.txt,B112_anonymized.txt,39deb077-c67b-40c3-818b-85db4493dd78
B268.txt,B268_anonymized.txt,b6342f21-d98e-4afa-b224-175ce5ac41e4
B1147.txt,B1147_anonymized.txt,336a6680-3ee5-417f-8781-84eb8d2b571c
B1000.txt,B1000_anonymized.txt,5a736b30-e993-495e-bcd1-d54a776d63c4
B1218.txt,B1218_anonymized.txt,ddb955a3-e872-4527-af7a-bbe1d212233f
B617.txt,B617_anonymized.txt,6936cfbb-78d5-4b32-b139-38162728e98e
B365.txt,B365_anonymized.txt,5a38ab9f-d760-4141-b2a0-e2a9fbb530ca
B128.txt,B128_anonymized.txt,e99c909b-f962-49b0-99a0-296c47f0716d
B1283.txt,B1283_anonymized.txt,1ad364f1-42ec-465e-bd04-2fcec10d505d
B1072.txt,B1072_anonymized.txt,4ac9c659-f34b-4244-974c-6d5c204a7986
B1082.txt,B1082_anonymized.txt,6ddb497a-161d-411f-92d0-8c8e5b88bf4c
B1006.txt,B1006_anonymized.txt,4c382424-643f-4d06-bdfb-e94834d64414
B131.txt,B131_anonymized.txt,da10c01e-2a3c-4578-8477-62308f5e76b2
B748.txt,B748_anonymized.txt,fcc881ec-4556-4224-90d5-0be7495f36cc
B1018.txt,B1018_anonymized.txt,295885db-1d0e-4d0c-ab40-fdb455a17ece
B1014.txt,B1014_anonymized.txt,8ffdf232-a332-42e9-a933-e43bdedc4ed3
B1170.txt,B1170_anonymized.txt,3f60fa0c-63eb-4a8c-ad3c-3eddaf7950e5
B1558.txt,B1558_anonymized.txt,8328cabc-e2c7-4066-a194-f24153e3debd
B1567.txt,B1567_anonymized.txt,ef2b8490-53f6-46e2-8701-c7bab8b9bed9
B836.txt,B836_anonymized.txt,75937e6f-a5ae-4f99-9b90-d0382b6a6f39
B747.txt,B747_anonymized.txt,6ef45153-6187-4c1f-8767-4d627b3fee60
B605.txt,B605_anonymized.txt,d7efccdc-23f5-4b06-a7f7-78d29ac31e27
B1424.txt,B1424_anonymized.txt,1e3e7dd9-6383-4fba-a645-3a7ce07946df
B1494.txt,B1494_anonymized.txt,016bbc3f-43b5-48e1-9d55-580ea76bf95a
B1391.txt,B1391_anonymized.txt,e56cd0c1-aff8-453e-8131-553098c39a49
B1361.txt,B1361_anonymized.txt,1456fe41-c190-4837-84e5-1e56858c729a
B574.txt,B574_anonymized.txt,7a6a1b0f-b5bc-4d83-9adf-a0e57114985e
B204.txt,B204_anonymized.txt,36da8446-6748-440e-a195-e249e69b68bc
B1228.txt,B1228_anonymized.txt,43536fce-6263-40dc-b1a0-b0c9d300eb8f
B290.txt,B290_anonymized.txt,73342eb2-3b9b-4f35-b2c6-e0591368073a
B1063.txt,B1063_anonymized.txt,9ecb850b-8207-4a9d-a306-8de9f853e272
B670.txt,B670_anonymized.txt,0df4e68d-2938-4024-9223-834d31c227f0
B570.txt,B570_anonymized.txt,77b94caf-6ac8-4531-a002-d86213077f70
B1177.txt,B1177_anonymized.txt,f3cd34f6-7d23-4fd3-b204-49b1161b8f75
B1471.txt,B1471_anonymized.txt,b9b90a77-7749-45b7-90fe-aacd7897245b
B506.txt,B506_anonymized.txt,5284aeeb-be10-4188-b893-b97ccd9a0a12
B1100.txt,B1100_anonymized.txt,5ba6f242-cb01-437d-9f59-1402b4030210
B818.txt,B818_anonymized.txt,9167056e-3a21-428c-82c9-a739e26d6590
B646.txt,B646_anonymized.txt,310ce5a8-8b72-4dc3-bd47-f1e418a88c79
B708.txt,B708_anonymized.txt,ddf3bd42-1177-42f7-81ef-93409b973056
B448.txt,B448_anonymized.txt,920ba6b5-106c-4ab8-9ea9-f01732deb636
B331.txt,B331_anonymized.txt,1136cb20-f735-43ec-b020-7e28f7a21f3d
B576.txt,B576_anonymized.txt,eaf503fe-1979-4934-9c3d-cc3ad1ec8640
B1068.txt,B1068_anonymized.txt,de550d65-bb5b-4be1-a29b-b76886ff11b6
B528.txt,B528_anonymized.txt,f05344b7-e28d-4530-acce-02774150c56d
B144.txt,B144_anonymized.txt,e3d0cd07-4cc9-406d-abcb-542fd527c689
B731.txt,B731_anonymized.txt,6aa41447-c3d2-4013-b641-581b02479227
B1460.txt,B1460_anonymized.txt,a8912e50-8185-4c92-88b2-d4f795163ccc
B498.txt,B498_anonymized.txt,1f267bd8-12dc-4c7f-aeb6-662315e1d359
B1496.txt,B1496_anonymized.txt,7222efc2-7da8-4060-a0a5-2080f471e4c7
B1598.txt,B1598_anonymized.txt,9a4f2bd6-abaa-4dd6-827d-834eef0b8b0c
B1503.txt,B1503_anonymized.txt,01974501-a816-4508-9870-5fdbd10ccb22
B1360.txt,B1360_anonymized.txt,8af9d99d-f200-4b62-b657-882c28d792c1
B1132.txt,B1132_anonymized.txt,f3292647-b5c0-4c56-a4b2-2dbc334073d5
B1410.txt,B1410_anonymized.txt,31b53e40-11b7-4673-be0a-05a8400c1407
B1234.txt,B1234_anonymized.txt,e27b025e-d0d4-413d-828d-9d0dca891cdd
B083.txt,B083_anonymized.txt,d5eda5ca-cb57-4cb4-ba54-d206d025c00e
B100.txt,B100_anonymized.txt,cce814ba-f1fa-4c19-a6a0-7246d6ef9960
B701.txt,B701_anonymized.txt,e6799138-d155-4a34-8e8a-c99e93d1fe32
B383.txt,B383_anonymized.txt,b101688a-099f-4dbc-a546-159563c76bf7
B680.txt,B680_anonymized.txt,d62fd153-0a76-4caa-9e94-1f5f09624658
B1217.txt,B1217_anonymized.txt,f232e46a-d693-408b-b763-95b5ddaec8e9
B618.txt,B618_anonymized.txt,77e9cc49-1ce4-42bc-b53f-e750611ee679
B274.txt,B274_anonymized.txt,9e4985b5-830b-43cf-8ba5-5dfe56a94b1b
B1574.txt,B1574_anonymized.txt,e0842617-5688-4e2e-991f-cc94b6c2e67e
B1308.txt,B1308_anonymized.txt,10d524af-449b-4e67-9f02-a0a8acd448ea
B817.txt,B817_anonymized.txt,7988aaa0-b38c-4bf3-8a4b-284abce48176
B242.txt,B242_anonymized.txt,92d9a5e3-6f68-46fc-939e-2e79031e0b82
B1120.txt,B1120_anonymized.txt,386d218c-4b5a-4652-ab40-610e56d22be0
B1586.txt,B1586_anonymized.txt,e0f730c6-3e39-49ae-9047-e02198f5b4aa
B627.txt,B627_anonymized.txt,300ab25b-90c0-47b0-a7f3-05e173bc278e
B1139.txt,B1139_anonymized.txt,ae69dfa9-a488-4c00-bb2f-be694df7f554
B806.txt,B806_anonymized.txt,8a5aed2c-c5ef-4fb6-ad75-3878a274ef83
B315.txt,B315_anonymized.txt,1f1eedf5-e6d7-467e-8fac-4949cac8fc75
B685.txt,B685_anonymized.txt,9a21e4f3-54a8-44cd-92d9-bf3fff4f9938
B759.txt,B759_anonymized.txt,daeaa3b3-5a3f-415e-aef9-f55e17a2cb60
B107.txt,B107_anonymized.txt,d1fae1ed-71a7-4b16-8ebe-2de2000e0f55
B1468.txt,B1468_anonymized.txt,16b101dc-c373-4f61-9467-d5bded35325e
B393.txt,B393_anonymized.txt,fff4dfdf-9ea3-4751-b1b6-cc13a7ffa26b
B1292.txt,B1292_anonymized.txt,a7e72d05-b4aa-4fd3-adaa-9d5e31c629cd
B255.txt,B255_anonymized.txt,b46ce177-78a6-463e-93dd-0d9bcf1a6ccb
B786.txt,B786_anonymized.txt,af1c1c66-cb30-4972-aa28-0b80be623c49
B177.txt,B177_anonymized.txt,1b52890a-43f8-460a-adae-82aeb1c25b43
B306.txt,B306_anonymized.txt,d80e56d5-f4d0-4f7f-acd5-5bed7b6fe832
B1452.txt,B1452_anonymized.txt,ace8c1bc-76b5-476a-9ae1-796b47bb3cdc
B1060.txt,B1060_anonymized.txt,51a245f3-a456-4e7d-a205-2953b6cb22c0
B1498.txt,B1498_anonymized.txt,b79f8352-1799-47e6-a0f7-fa5de558ea11
B1236.txt,B1236_anonymized.txt,4001c82b-8ae7-486e-8a8d-71c17b3d07b1
B1026.txt,B1026_anonymized.txt,878ca101-0446-4a15-a6cc-279b0187f9b3
B1140.txt,B1140_anonymized.txt,4e50ce5c-d73d-492f-8d65-31f1ed4a437b
B776.txt,B776_anonymized.txt,c5ea9e9b-7d0e-48cc-83a4-a9d07889efab
B1554.txt,B1554_anonymized.txt,3b555336-d636-45cb-b398-86734cabd708
B474.txt,B474_anonymized.txt,9f55cc02-39f6-402f-a570-d4d912aaa58e
B800.txt,B800_anonymized.txt,67ccc1bd-f1db-4828-b3fd-7b395fb34e90
B783.txt,B783_anonymized.txt,d2b39c6c-4d5d-43fc-9efc-1b48efa87dd0
B358.txt,B358_anonymized.txt,ba118507-d26c-47fb-bdd7-039ad137fd9d
B1262.txt,B1262_anonymized.txt,69c3d1c5-f0db-4fea-b5e8-c7fedabdb36e
B1516.txt,B1516_anonymized.txt,7e068bc2-4ede-42f3-921c-74e9a29e128e
B698.txt,B698_anonymized.txt,3e503701-6795-4d89-8d4b-30e6f5770653
B1184.txt,B1184_anonymized.txt,d9e7ae69-ae05-4037-8ec2-cf7542c192a8
B1551.txt,B1551_anonymized.txt,d743e1d8-7c46-4ac1-83f1-8f5f731c0bac
B539.txt,B539_anonymized.txt,8ab8a279-67a5-4b74-87db-a71ab93a13e1
B1351.txt,B1351_anonymized.txt,a6a08ee1-e69d-4c77-886b-e357bf6f76de
B1359.txt,B1359_anonymized.txt,8af84cbb-2e8c-43b5-9cf7-f3063e6199cf
B666.txt,B666_anonymized.txt,12fae26e-2903-4a79-a914-5965b7a2929e
B582.txt,B582_anonymized.txt,72e65748-f8a1-4bca-8fea-a510900c41fd
B272.txt,B272_anonymized.txt,d9ad9153-4eba-4686-9235-034f261c423b
B835.txt,B835_anonymized.txt,e35db1a4-fb78-473f-bb5b-f986daa619d0
B1084.txt,B1084_anonymized.txt,fab1247c-7623-42b7-ac8a-96157327987a
B311.txt,B311_anonymized.txt,143b9963-65e5-4000-8813-b0e0e678e04c
B029.txt,B029_anonymized.txt,0ac79242-458a-4691-bcaf-70cf7367cf88
B1222.txt,B1222_anonymized.txt,132f0f6d-883c-4563-b181-3cedd29127ec
B1398.txt,B1398_anonymized.txt,9e8e3e95-2024-43e8-a948-8afca26467ec
B719.txt,B719_anonymized.txt,937fc3af-f214-44aa-b7cf-bad4848b08d2
B1022.txt,B1022_anonymized.txt,65d13db6-d235-4851-8f89-4c8a9626e8ee
B337.txt,B337_anonymized.txt,8a7b05fe-c1b3-4caf-ae8b-c18394476bff
B224.txt,B224_anonymized.txt,51192286-fae4-4218-8574-60c5be1e0c0e
B1316.txt,B1316_anonymized.txt,2c489d8b-aee4-4ad2-9c1a-96bb4edfff14
B1495.txt,B1495_anonymized.txt,5e365671-2533-470e-bbc0-a3f21a51f879
B1233.txt,B1233_anonymized.txt,2090db34-ddc6-4b04-b5ff-12fcd323f710
B543.txt,B543_anonymized.txt,ca34f371-d6d3-4f32-bdf6-7cb23c4046fd
B082.txt,B082_anonymized.txt,79f8a6a3-3a1a-4ae5-9825-9716e4df02f6
B479.txt,B479_anonymized.txt,18b623a1-5060-4d8f-98da-87eb941865e6
B462.txt,B462_anonymized.txt,a37c7996-953f-4943-9956-fd410bb343fa
B815.txt,B815_anonymized.txt,bbeaf276-8a27-4cde-90ff-a09da2accbf6
B056.txt,B056_anonymized.txt,ceb6d144-cac1-41a8-aac0-9548e7cbf9fb
B1015.txt,B1015_anonymized.txt,dea352c4-0f4b-43d9-b745-2186b685f021
B188.txt,B188_anonymized.txt,016f8c70-40f8-4f9f-a06f-6302509759ff
B090.txt,B090_anonymized.txt,69be9114-f869-4b28-b879-72f8f597b839
B603.txt,B603_anonymized.txt,1b581896-9556-4857-8155-b76f9c722018
B1531.txt,B1531_anonymized.txt,d0453dfe-fe1b-46ba-8427-7089058a3783
B271.txt,B271_anonymized.txt,55c2dcc0-7089-405f-8467-ce2c6e59d703
B1069.txt,B1069_anonymized.txt,68f83dd3-ba66-4252-b660-b2cc5e5efadf
B489.txt,B489_anonymized.txt,031bb943-be37-4024-83ea-b2c4e2c98784
B639.txt,B639_anonymized.txt,3864c8d0-7c1c-4dbb-879f-17a040623b1c
B673.txt,B673_anonymized.txt,2be6e6d5-96da-4842-8ecc-4934d20d5cd4
B785.txt,B785_anonymized.txt,b671ae50-e122-4a58-980b-115a0e49f596
B449.txt,B449_anonymized.txt,88d66d55-ec70-4bde-9cbb-3830edba04fa
B208.txt,B208_anonymized.txt,44c8f2b5-dfcb-46e3-8df9-d88348bffb04
B156.txt,B156_anonymized.txt,8f8ef493-1bca-4886-be99-36066faf0671
B304.txt,B304_anonymized.txt,5883a3aa-15b9-4055-9c12-201b4d359314
B1553.txt,B1553_anonymized.txt,c82fa7f4-0584-4467-84c3-5c499e6a8743
B1507.txt,B1507_anonymized.txt,0781cf49-c2d0-4c9a-a56b-c821f2fed01d
B1406.txt,B1406_anonymized.txt,c2c7b19b-b237-46a8-84d2-832a3f732087
B1260.txt,B1260_anonymized.txt,bb21a5ef-d12f-4d15-be7b-8df569003dc9
B1508.txt,B1508_anonymized.txt,21d9e5db-61e3-4671-b8ed-459a012e3554
B1279.txt,B1279_anonymized.txt,eee6896c-3d64-4808-8677-851f220e2368
B652.txt,B652_anonymized.txt,55741e89-e2bb-46b6-bd25-b7d0cd75aa36
B1099.txt,B1099_anonymized.txt,74166fff-4093-4b53-9adb-590302d5f796
B300.txt,B300_anonymized.txt,346f7dc7-b9b2-4616-b60d-fcf2ab8929a3
B682.txt,B682_anonymized.txt,83fe1bd7-8606-4899-89a7-de7f44562238
B309.txt,B309_anonymized.txt,365d38e7-8af6-44c5-a898-c98f201fe893
B1138.txt,B1138_anonymized.txt,be82c379-5127-4bd3-8a43-c72f93ff46b7
B1207.txt,B1207_anonymized.txt,6b806ad3-1c5c-4fdc-8b34-d85d4bd1c949
B357.txt,B357_anonymized.txt,930e8b93-d30d-417d-ae08-cbaae491c09b
B206.txt,B206_anonymized.txt,8395e892-dd28-4874-ae16-1b48951749ce
B1089.txt,B1089_anonymized.txt,c574c2c1-fce9-4b04-ba26-93ac096e84eb
B246.txt,B246_anonymized.txt,d0794da8-089c-4614-9120-aeb01e989df4
B805.txt,B805_anonymized.txt,546e6903-5669-4b78-a03a-0562fc865a19
B327.txt,B327_anonymized.txt,6ec73c43-2974-4e0b-a87e-db5b673ffb8a
B1350.txt,B1350_anonymized.txt,9f7a6c12-1ca5-4ae2-8a1b-90e5a6dd6013
B1176.txt,B1176_anonymized.txt,95eb1c30-9aea-4612-813a-85ac38f9feac
B1542.txt,B1542_anonymized.txt,9412ac28-4df7-494c-b120-27fd26e1edb2
B181.txt,B181_anonymized.txt,47e3c585-6394-4e7e-81b0-5555c0637287
B1122.txt,B1122_anonymized.txt,52be47b3-c3c4-46ae-ad31-b69bca06d16b
B1429.txt,B1429_anonymized.txt,fa16a853-96aa-42e5-84db-c86c9745ef87
B1300.txt,B1300_anonymized.txt,e676e5d4-68bc-43b7-afae-f0ac42207505
B810.txt,B810_anonymized.txt,4ec3d759-e6c3-4830-8ba3-a1fb5f75347b
B696.txt,B696_anonymized.txt,74b3210b-0c2a-4455-9b17-34caf5471b51
B475.txt,B475_anonymized.txt,2976d6b0-ad50-4200-bb2d-5f96f4e1bc04
B1345.txt,B1345_anonymized.txt,42e5f09c-c7ca-4d6a-8556-af796f389770
B1425.txt,B1425_anonymized.txt,028a2cfa-53e7-45dc-9268-8c4b52d222c7
B1334.txt,B1334_anonymized.txt,0a7e5621-bc8b-4308-bbc1-d9fb5c02048b
B369.txt,B369_anonymized.txt,71d4724d-f97f-40f8-a1c8-fbbe8185bba5
B229.txt,B229_anonymized.txt,3a734321-0aa7-4d0c-9d1a-455abba69c12
B653.txt,B653_anonymized.txt,8f10ed6c-88fb-40d2-ad17-9e54ca18d47e
B1256.txt,B1256_anonymized.txt,8d27c216-0aec-4117-bd6a-f317bf218c0d
B353.txt,B353_anonymized.txt,d8cd580c-231e-4681-bfd7-142dbf04b26b
B669.txt,B669_anonymized.txt,5d72e617-ea10-45ff-8645-51a97670044e
B1179.txt,B1179_anonymized.txt,80e96538-a399-4b99-84ec-105404288ef8
B569.txt,B569_anonymized.txt,19090fa1-0519-48a0-a2d6-48abb0905af5
B1544.txt,B1544_anonymized.txt,6bfa816e-3ba6-4b38-95e4-0cea98d187c1
B1364.txt,B1364_anonymized.txt,f21fd5f3-a6d3-470a-ab36-35ebcb957827
B1286.txt,B1286_anonymized.txt,e43e816c-fd92-4b73-8812-5abdf9166243
B1473.txt,B1473_anonymized.txt,a1853fca-2af6-4f37-b5e4-5a108c947d57
B587.txt,B587_anonymized.txt,f41bc990-56fb-4e79-ac0a-aeae77e6018e
B190.txt,B190_anonymized.txt,2dbb31d6-38cc-49ec-ae6f-08fd5b4e29bd
B841.txt,B841_anonymized.txt,3ec5eacd-99cd-4f34-b71c-a2e91573d90e
B1500.txt,B1500_anonymized.txt,271e43c6-487a-455f-b9b2-b1dfa4d1748a
B004.txt,B004_anonymized.txt,0ea6cd2f-8c0c-4555-9113-77d94d06d83e
B1499.txt,B1499_anonymized.txt,df0caf66-a415-40d6-8fcd-57a5e511e031
B674.txt,B674_anonymized.txt,ae9d677f-ff1e-46c7-89df-7877226037c2
B1198.txt,B1198_anonymized.txt,ccfebfa4-302a-4484-b133-f3706e2fb71a
B1029.txt,B1029_anonymized.txt,cc36b154-523e-4c0d-baff-e6a8f7ab8c15
B604.txt,B604_anonymized.txt,9313749d-304c-4d7f-a8da-4dd1ec745653
B697.txt,B697_anonymized.txt,25ce9cb4-76c3-4759-bbe6-7e039e312fec
B644.txt,B644_anonymized.txt,a1a21876-bae8-490a-a4c9-fa83873117e0
B1561.txt,B1561_anonymized.txt,2beb26b5-787d-4180-9c66-3d82338807c7
B710.txt,B710_anonymized.txt,c7a5277b-926c-4b30-83cb-506617ee9cff
B093.txt,B093_anonymized.txt,595ff9fa-d0e4-452f-9ad7-053da28dc750
B1080.txt,B1080_anonymized.txt,e5810b84-0cde-494a-970f-fb143c69a794
B1535.txt,B1535_anonymized.txt,f194e64d-3c4e-4fd2-999b-b0dcf21d7513
B098.txt,B098_anonymized.txt,7e609702-4420-4220-b35c-286e879431ed
B318.txt,B318_anonymized.txt,e1fa65a8-c773-46f1-ac23-f855b2b01943
B1269.txt,B1269_anonymized.txt,bdf7a712-1d67-44f2-8674-0a0186992ac9
B447.txt,B447_anonymized.txt,6a91f67c-55b8-4d73-bd8f-ac6af0191b2d
B430.txt,B430_anonymized.txt,d83b1927-d122-4ac4-b006-f46a380e8c97
B1023.txt,B1023_anonymized.txt,36de76c7-b8d7-49c7-b678-7f8fbcae98ef
B1133.txt,B1133_anonymized.txt,fc1a38ca-4909-43fe-aec9-b3ca3004ad45
B1568.txt,B1568_anonymized.txt,10109393-a3e6-42dc-a033-5e9f8781f88b
B1296.txt,B1296_anonymized.txt,9764e257-79a2-4d90-985e-f49fab653989
B392.txt,B392_anonymized.txt,c744835b-3fa8-4062-ae5d-77e7e5e18fed
B1157.txt,B1157_anonymized.txt,70aa76ca-2352-4f1d-9262-675cf6f8639e
B717.txt,B717_anonymized.txt,9eb3bcbe-7fe3-4f6b-a75a-7f965862fe13
B346.txt,B346_anonymized.txt,62c31b4b-d424-4d4d-8e22-3eb3930eae5d
B1536.txt,B1536_anonymized.txt,aacb93ab-3822-47a3-a683-4aecbd15a7e4
B1397.txt,B1397_anonymized.txt,8a2a63ce-df72-4549-b0cd-f0d62f5e872d
B1155.txt,B1155_anonymized.txt,8d6b81a2-2f33-4a2e-a6bc-e8305935d279
B1443.txt,B1443_anonymized.txt,84668d28-81a3-48ac-8c3d-f95fcaf75e94
B1249.txt,B1249_anonymized.txt,5b7cef0a-b737-4fa8-b66a-b3af9c98a5b7
B1366.txt,B1366_anonymized.txt,24fcfe0b-6ab7-4b44-909e-cffeedd4d042
B1483.txt,B1483_anonymized.txt,e29eba16-cd18-49aa-82a1-610db6ffa18e
B317.txt,B317_anonymized.txt,0deb1511-5d39-47e8-848c-f4c0fae915bd
B1446.txt,B1446_anonymized.txt,26d6397d-31e8-4588-b103-b1c700918cf8
B130.txt,B130_anonymized.txt,7e30aedc-6856-4860-a5c0-28085be40873
B1205.txt,B1205_anonymized.txt,3e3ae9d0-7307-47ca-abca-1f68a3160cb8
B109.txt,B109_anonymized.txt,4dc05dac-a2eb-4367-acdc-5e6acf2e19f0
B294.txt,B294_anonymized.txt,6b21f5ba-b73e-49e0-a10f-1b88081a02b5
B1526.txt,B1526_anonymized.txt,26cd3625-ebe2-4920-8a98-021fd510d606
B1075.txt,B1075_anonymized.txt,74be7d70-e8af-4c30-8c0e-1e1851203f51
B1445.txt,B1445_anonymized.txt,f4530c70-8e42-47a3-8d79-bf0db94212c5
B1017.txt,B1017_anonymized.txt,dd8c7f91-3f7a-4772-b090-caeb639e37e6
B1321.txt,B1321_anonymized.txt,fa20a631-f557-4367-9750-4110c4f0a39d
B380.txt,B380_anonymized.txt,e9024c27-9801-414e-830a-653a0788a146
B404.txt,B404_anonymized.txt,551f8347-159d-43b0-a08c-242864614343
B1461.txt,B1461_anonymized.txt,f8c3ef94-42d8-4c15-8c1a-d12581304335
B1252.txt,B1252_anonymized.txt,e46302cf-5832-41f0-96ad-16208b62c522
B277.txt,B277_anonymized.txt,d14c7cf1-c760-48f8-b695-76c9a31f7d2a
B022.txt,B022_anonymized.txt,a6d32ce3-0e16-4405-803c-3443282c2edc
B407.txt,B407_anonymized.txt,96211684-db6b-4bb1-9aaf-e1d380553a66
B324.txt,B324_anonymized.txt,1da8a96f-3b93-46bb-9690-98cab944d8ed
B239.txt,B239_anonymized.txt,23392098-379f-42ac-b38e-bf798e079bfe
B1051.txt,B1051_anonymized.txt,13eb9d8e-1448-43bf-87fb-b6998d6a0585
B1340.txt,B1340_anonymized.txt,446990b5-4090-4c31-a689-dab1123c6341
B147.txt,B147_anonymized.txt,66543687-adc9-4839-8091-6e1babd84f1c
B1246.txt,B1246_anonymized.txt,af645c63-66b3-40ff-9434-b389b11d8045
B028.txt,B028_anonymized.txt,3c6dfeb4-ee7d-4a15-9a9a-48db48935e09
B1458.txt,B1458_anonymized.txt,8eaf7833-eab3-44a3-83e4-9662887a1cc9
B704.txt,B704_anonymized.txt,41350074-9a34-40c7-a23b-137d88714941
B1079.txt,B1079_anonymized.txt,5a11a851-5004-4a3b-8126-d8c52c64a605
B553.txt,B553_anonymized.txt,90bdbc8c-0b99-46df-ac32-80c04f7019d5
B1087.txt,B1087_anonymized.txt,6f8ba839-268b-4de7-a8ef-a084095dc321
B809.txt,B809_anonymized.txt,519965e1-c891-4390-a5d8-f7c3a845cca3
B297.txt,B297_anonymized.txt,2baa682d-cbfe-476e-81b3-25fbce115fba
B825.txt,B825_anonymized.txt,881397a5-1cf6-4523-b295-8527173a5277
B1052.txt,B1052_anonymized.txt,f7aede18-6afa-466c-9856-c200b2894e08
B781.txt,B781_anonymized.txt,32d42007-81dc-4985-af0a-6c21e188d459
B505.txt,B505_anonymized.txt,6c76002c-ab30-4bcb-86d3-9d23e67fb692
B1288.txt,B1288_anonymized.txt,c80b4f92-b28f-4ec8-a0eb-7b5560ee603b
B1048.txt,B1048_anonymized.txt,a398bdf2-a3c5-4295-8534-581f14c62a6f
B765.txt,B765_anonymized.txt,7dc08312-332a-4f63-8ef8-5341192aa40c
B834.txt,B834_anonymized.txt,4c6a3e1e-7dcc-4b76-b0e8-312ca3ace0f6
B1459.txt,B1459_anonymized.txt,fe224e74-651d-459c-9473-5adb4ba2e4f9
B1197.txt,B1197_anonymized.txt,4d67b744-16bc-4570-a918-b16fa69dec91
B1497.txt,B1497_anonymized.txt,2b62ebf0-0d3e-4d7f-a912-c1341010c133
B560.txt,B560_anonymized.txt,98b9a3c6-27e6-438a-aa91-ad7284c2b9d5
B470.txt,B470_anonymized.txt,54abb316-4bea-4ac1-a8ec-c3b4f862239a
B1467.txt,B1467_anonymized.txt,291d5ccb-7129-4215-9640-e1a04cb53668
B104.txt,B104_anonymized.txt,c85b2616-b419-4a30-8444-e2a4b5f2de86
B1180.txt,B1180_anonymized.txt,615a8018-1255-4774-ad7e-31f61fefee2f
B1389.txt,B1389_anonymized.txt,1c15d9ab-15c1-4c79-9afa-486c193f2a58
B699.txt,B699_anonymized.txt,a0bcaaf2-6454-4eb6-a742-835901182424
B1469.txt,B1469_anonymized.txt,b823287f-3e27-4fae-90ba-c71faa389e1c
B330.txt,B330_anonymized.txt,6a8392bb-d7e3-4987-aa46-cc19382bab50
B1150.txt,B1150_anonymized.txt,23d4be86-cec7-4309-a035-058c11a95c1d
B1050.txt,B1050_anonymized.txt,f6ed00d5-8833-44de-8f89-c2ce5721f22a
B1307.txt,B1307_anonymized.txt,92b79318-2238-4f10-870f-31f94ba88a86
B1090.txt,B1090_anonymized.txt,77f5590c-b2d9-455a-8201-9e2083dc7303
B382.txt,B382_anonymized.txt,eb4d9f68-bd41-4cd4-80e9-2f195b602e40
B014.txt,B014_anonymized.txt,00248630-7f37-467e-939c-dc0f1f5f3b94
B1230.txt,B1230_anonymized.txt,29ed9db4-016e-4d18-9df4-464e9652e492
B1092.txt,B1092_anonymized.txt,e3c8a590-e2ec-4096-a264-e17447b7962c
B684.txt,B684_anonymized.txt,9137b053-dd3d-4c34-bb2a-28b5ea575a73
B1565.txt,B1565_anonymized.txt,d2350396-c2a7-4770-bf7e-ef85d77d8449
B354.txt,B354_anonymized.txt,46fa0cea-69c3-4241-992f-2bc389a0e33c
B096.txt,B096_anonymized.txt,d9470a96-a76e-4bff-a69d-5c43763af2e7
B458.txt,B458_anonymized.txt,cd0eb625-f9b5-4e4f-80bf-27b56c9c99c2
B714.txt,B714_anonymized.txt,7c3b7165-5a2f-4743-af0e-1f1b64ccca4e
B742.txt,B742_anonymized.txt,6521f539-aa53-43e8-9e35-cbbc3d80a8e3
B1010.txt,B1010_anonymized.txt,4bf168c7-b3eb-4705-ba9b-9a85f576d9fc
B1470.txt,B1470_anonymized.txt,6fc51831-5aad-481e-b767-1eb1ba22bb79
B737.txt,B737_anonymized.txt,1aef0469-89d3-4449-acd6-7952a987640f
B1042.txt,B1042_anonymized.txt,0dfce257-1ac4-44e4-9014-a3aae6274b06
B1315.txt,B1315_anonymized.txt,a3a7e3df-b814-4411-8714-7d1547e5ebff
B1033.txt,B1033_anonymized.txt,8556ab7b-20e4-4d95-b4d2-d87b2a4569cb
B1392.txt,B1392_anonymized.txt,3472846f-3e44-4b4e-aa3c-345844f4d8fd
B170.txt,B170_anonymized.txt,3a32c55f-a9cd-4f55-a562-d6134167d211
B1456.txt,B1456_anonymized.txt,b9c8f8dc-cd52-47be-ac57-7c1b5104c30b
B1539.txt,B1539_anonymized.txt,ffbb9c9b-693c-46eb-9cc7-3370a58b3ca7
B1047.txt,B1047_anonymized.txt,80c28b5e-189e-40ce-b512-8e88815091b2
B609.txt,B609_anonymized.txt,8447c134-a762-4699-ac0a-ff8560218d12
B115.txt,B115_anonymized.txt,afb5c4d8-f545-49ad-a3e7-1db56ee4b9cc
B070.txt,B070_anonymized.txt,4ee59e0e-fc2e-4b5c-a407-0a61baf832f4
B1282.txt,B1282_anonymized.txt,a9231357-2623-4399-b550-d1c45faf1735
B1021.txt,B1021_anonymized.txt,07837aa4-6efa-425a-928c-e9ee6d9378eb
B113.txt,B113_anonymized.txt,cea82b5d-c960-4734-bd4b-f00e3bab2155
B1158.txt,B1158_anonymized.txt,52a00103-dcca-4d52-b4b6-b99f14ab0265
B1238.txt,B1238_anonymized.txt,42c274d8-f436-4bb8-9181-526f3571283c
B1414.txt,B1414_anonymized.txt,b68d838c-6a84-4b99-9117-7d5f549450a6
B1367.txt,B1367_anonymized.txt,b42c9b8e-3458-4c39-a8fa-a40aed5ce4f1
B1272.txt,B1272_anonymized.txt,33b76d66-fe0d-4ffc-97ad-baac3e4dea5e
B155.txt,B155_anonymized.txt,1db31bea-cb47-48c5-8872-70c21e98b620
B1112.txt,B1112_anonymized.txt,ad3a3f79-1532-4a97-b457-0c696ed298fc
B425.txt,B425_anonymized.txt,1f022add-7714-4c3b-83a9-df1953144ee4
B1530.txt,B1530_anonymized.txt,dc2f9db0-ed6e-40a5-a05c-b5251e1739ab
B819.txt,B819_anonymized.txt,ae72fe5e-5d36-4399-9934-69fbe2856717
B1343.txt,B1343_anonymized.txt,324f67b4-3c14-4c5c-8283-e2e556f2fb36
B1204.txt,B1204_anonymized.txt,0e14e0a9-8ab1-4200-a96c-b9dd7f0c957d
B1036.txt,B1036_anonymized.txt,ecf93c03-b2b6-4aec-8c73-9c0d0b6cc4ee
B099.txt,B099_anonymized.txt,ddc25703-4b39-48f2-9cf9-b3f5243d3627
B1178.txt,B1178_anonymized.txt,8ba4592c-7a62-4567-9c58-9aacb2680bf4
B456.txt,B456_anonymized.txt,cbf55372-965b-4362-96ce-61ef0a357ddc
B820.txt,B820_anonymized.txt,5c33886b-8fbc-4a15-be51-43a37b624b7a
B008.txt,B008_anonymized.txt,629af236-1561-4058-97e6-d26470db68ce
B752.txt,B752_anonymized.txt,1aff18b9-9d83-4ea6-8e6b-e0a9adf80d7a
B276.txt,B276_anonymized.txt,a32f1630-0fb9-4ad4-8cad-c010a17b75db
B780.txt,B780_anonymized.txt,45f1df35-b534-4918-94d0-012974a155ca
B421.txt,B421_anonymized.txt,3aa73bef-e046-42ed-902a-a55def502383
B629.txt,B629_anonymized.txt,67517023-63d5-41d5-9c69-a1f735b176b5
B127.txt,B127_anonymized.txt,abc9d4a8-4b2e-454b-90c6-3c710706bbd2
B165.txt,B165_anonymized.txt,256109fa-5523-4f96-a3eb-59798671b1b1
B036.txt,B036_anonymized.txt,4c106b92-7709-4bb1-a2d8-db2cadfa4f72
B1005.txt,B1005_anonymized.txt,ab36b755-9fd4-4b90-bbcc-3a8f1030ab9d
B1331.txt,B1331_anonymized.txt,3fb2ea6e-2ffc-4c89-b8ee-f77ca5910d69
B319.txt,B319_anonymized.txt,beb71c17-8567-4de2-8224-601590229957
B1136.txt,B1136_anonymized.txt,291b3b92-7a94-4fdd-9770-3ba99faec436
B114.txt,B114_anonymized.txt,db77622e-2800-48c2-8723-20f9b1ede523
B057.txt,B057_anonymized.txt,3b52097f-755c-4216-8b7d-433b5267de47
B334.txt,B334_anonymized.txt,d4c4e2d7-9381-467c-82c7-ad9b2651cffc
B409.txt,B409_anonymized.txt,d7b08626-fbde-4f91-a33e-4b33bfd45c7f
B1059.txt,B1059_anonymized.txt,a7b71d1e-79e7-4957-9409-512021efcbbf
B544.txt,B544_anonymized.txt,5ced6a82-b7cf-481e-be83-31612c2d9cdc
B1244.txt,B1244_anonymized.txt,39b12b3a-cbcc-4d67-92a1-5b4fe3c0c610
B1019.txt,B1019_anonymized.txt,6089ed09-3f84-4372-8916-ac37f4caf4f2
B235.txt,B235_anonymized.txt,c61d9097-1d4c-45c8-a436-c91a41427f8f
B1409.txt,B1409_anonymized.txt,3e532bac-0944-4a10-8bc4-99941503df4c
B1543.txt,B1543_anonymized.txt,5e3074f1-0b6c-4bf0-a705-89cebc983e48
B440.txt,B440_anonymized.txt,df876372-bdf7-42a1-b7e0-d638cd359d20
B562.txt,B562_anonymized.txt,622e2295-06ab-4af2-a904-5423d1b39499
B1144.txt,B1144_anonymized.txt,a77b0412-edf8-47d3-bd25-20a56dc6e390
B1344.txt,B1344_anonymized.txt,6203c6a2-0377-48f0-9bc8-78ffd52d26d7
B1054.txt,B1054_anonymized.txt,38548c90-c1c8-487d-a0a0-18fe58eaf6c1
B1595.txt,B1595_anonymized.txt,bd124d24-33d5-40d2-a76b-69cfbea84b45
B345.txt,B345_anonymized.txt,840a319a-ac7a-4eea-ab9e-b8353459bb95
B077.txt,B077_anonymized.txt,ec2ea31e-167d-41bf-888a-3f8db170ea5f
B105.txt,B105_anonymized.txt,52a93a94-286f-4153-a86b-e2825added33
B1113.txt,B1113_anonymized.txt,d445b594-1fff-4929-82a8-baea0945b973
B756.txt,B756_anonymized.txt,74b93b8b-5e47-426f-a07a-4c3ec6dfc1df
B1412.txt,B1412_anonymized.txt,df6c1b5f-1c32-4df2-a317-594b18c724e7
B558.txt,B558_anonymized.txt,1e859d50-c357-4a4a-8283-df5a91a60319
B140.txt,B140_anonymized.txt,9f9e6483-61ff-4c46-b691-dc3712518f86
B1375.txt,B1375_anonymized.txt,0f1566cd-650e-4718-9137-6fe15b35f9d3
B797.txt,B797_anonymized.txt,1d85b249-2f8d-41d6-aeb7-937e35c8f994
B1156.txt,B1156_anonymized.txt,12887a15-60af-4737-ac25-c04c20990d38
B1302.txt,B1302_anonymized.txt,2aad0b62-df11-477c-8685-72fd5412ca28
B573.txt,B573_anonymized.txt,dedb6b21-a2d5-4f87-854f-73b776775a51
B1058.txt,B1058_anonymized.txt,fc42c21a-801a-44df-8534-45a06832a1e3
B1162.txt,B1162_anonymized.txt,abcf8dcc-2827-4306-a882-3bb911e336c1
B1237.txt,B1237_anonymized.txt,4610d28b-be5b-409d-9a1d-989732f4ff80
B554.txt,B554_anonymized.txt,6f10c9f3-c144-4bc2-8478-409b171a3980
B1358.txt,B1358_anonymized.txt,2f7f9880-e487-4642-a4e4-bd80d61fa1a1
B1062.txt,B1062_anonymized.txt,4dcf7e3b-2c9c-4545-be57-821cf8745fa8
B196.txt,B196_anonymized.txt,6b970614-ec3b-4406-bf41-6b510f144a46
B220.txt,B220_anonymized.txt,5b253c8e-cf78-491e-bb37-d7aa93b85c8a
B611.txt,B611_anonymized.txt,c3efeba5-517c-4040-824f-10138c5156b5
B020.txt,B020_anonymized.txt,1d9acb7d-866d-4d5c-8c64-2d65a2dd89d8
B625.txt,B625_anonymized.txt,3eb4d786-f170-4d45-a191-16a1023c78cd
B1305.txt,B1305_anonymized.txt,05d7cd6a-9a9d-4435-8ce7-16164e524922
B1309.txt,B1309_anonymized.txt,643310a5-bc03-4621-a4f7-4b71aa5c544a
B654.txt,B654_anonymized.txt,09b55d23-07ca-47ed-8cd2-8afed3ac9dec
B037.txt,B037_anonymized.txt,137b4b50-4497-4367-b0da-e1b7c3772cfe
B1064.txt,B1064_anonymized.txt,d9649916-9e49-446f-866e-32f964874f1f
B293.txt,B293_anonymized.txt,e69f6aeb-295f-4f99-b71e-74ca6c628e7f
B1126.txt,B1126_anonymized.txt,24659dc9-73d6-4caa-a810-6965e55c5530
B265.txt,B265_anonymized.txt,45c8bde9-0dfb-4f7c-913a-745e1a7cec94
B721.txt,B721_anonymized.txt,0f42f311-3ca3-4197-8050-47ff6f70a024
B578.txt,B578_anonymized.txt,7a5b43d7-5bd2-4e3e-9af2-c4b9053bc3ff
B1449.txt,B1449_anonymized.txt,d85226af-5620-47c6-b623-dbb1ba22860b
B1365.txt,B1365_anonymized.txt,ecd502cd-317f-42df-92ef-bb5f8aa50f53
B1231.txt,B1231_anonymized.txt,356c1292-0adc-4aba-b913-776f48f07775
B1381.txt,B1381_anonymized.txt,37a51624-71c2-499f-9bb1-5fe7df76c13b
B545.txt,B545_anonymized.txt,e155eb57-83e1-49f2-9c8e-2d3264d7bce5
B024.txt,B024_anonymized.txt,db78c810-be90-46ee-8a38-00ae35fa6d18
B577.txt,B577_anonymized.txt,2a269574-7330-4c72-8afe-7f489cbcaa47
B1546.txt,B1546_anonymized.txt,5e9edc2b-1f2e-4d58-99c2-3a86387205c9
B838.txt,B838_anonymized.txt,d729fb27-5587-42fa-b4b1-e240692bb48a
B137.txt,B137_anonymized.txt,b01f901c-dad0-4395-b155-54addbd4db58
B707.txt,B707_anonymized.txt,47180452-d413-4ade-8574-e8e0abbedf92
B215.txt,B215_anonymized.txt,33ecc406-e1f2-49ae-b7e3-af27ca7b8db3
B328.txt,B328_anonymized.txt,e2b0cf2b-0814-4f28-a6ad-ce7fd0c644c8
B187.txt,B187_anonymized.txt,e47edc38-4994-4839-9144-0b6821008e42
B1506.txt,B1506_anonymized.txt,81f68608-76c7-48af-9a3e-d38661148c71
B1341.txt,B1341_anonymized.txt,4051d217-5731-4a24-8c8d-b8632cd3d1dc
B248.txt,B248_anonymized.txt,3f021935-8eb2-4969-9508-b172cf5dcbf7
B1209.txt,B1209_anonymized.txt,2c85b742-61cb-4fab-b5cc-49ee4a4a4679
B1035.txt,B1035_anonymized.txt,b8ff983b-4334-47c8-89af-a5b73524d946
B631.txt,B631_anonymized.txt,d103ee37-16d7-43cf-b3e3-ce855247a5eb
B432.txt,B432_anonymized.txt,1f4962cd-ad67-4cc3-acce-a5a39f14a5d3
B658.txt,B658_anonymized.txt,e9940435-5de2-44cb-9b2f-103d9728b1c6
B722.txt,B722_anonymized.txt,05bdffd9-0fc7-408a-b70f-d8f4ca5653c3
B516.txt,B516_anonymized.txt,5ca9ef1f-6056-43f3-bddd-e32519df13bf
B1549.txt,B1549_anonymized.txt,1be0bec5-c139-40fa-809a-e2b084fb272f
B1421.txt,B1421_anonymized.txt,85a2798a-ee58-4ac5-8edc-eacab5e84922
B782.txt,B782_anonymized.txt,85c82936-e950-4b03-bad3-2894903a1254
B595.txt,B595_anonymized.txt,073596aa-150f-470d-8083-3409cf13b6de
B1434.txt,B1434_anonymized.txt,218b85ef-f2a0-4bff-a8fe-35d417686684
B1141.txt,B1141_anonymized.txt,56f9b85a-63b9-4d10-addf-e856b3cc6bd8
B088.txt,B088_anonymized.txt,144b340e-425a-4edc-8037-b569c84067e5
B1181.txt,B1181_anonymized.txt,bca53d14-8d30-461f-bc60-346b77e07dbf
B017.txt,B017_anonymized.txt,3228f2a5-2fe4-42d9-b085-979b9615e999
B1220.txt,B1220_anonymized.txt,88862fed-e760-4b80-9ec2-461704cb5330
B732.txt,B732_anonymized.txt,c2fe5462-8a39-42c7-9ac8-89165d73eb37
B668.txt,B668_anonymized.txt,cb482634-2003-4e02-b838-90c7cca4c084
B308.txt,B308_anonymized.txt,73ab22f2-7bd0-4a5e-a00c-b0a343c25f3e
B117.txt,B117_anonymized.txt,8920174a-5d53-4495-81df-5d49c0f14a92
B1462.txt,B1462_anonymized.txt,73d49c52-03f3-4089-acda-8cfd5affaaaf
B529.txt,B529_anonymized.txt,457f0951-6fa5-43f6-9df7-6e1c3794efed
B362.txt,B362_anonymized.txt,86c8c423-738d-4566-8009-41d78b3f498a
B041.txt,B041_anonymized.txt,490bc3b1-3fc6-4600-835a-67290ab93b8c
B195.txt,B195_anonymized.txt,d50e0638-d829-4a15-ae00-38999dcc49d2
B607.txt,B607_anonymized.txt,6df57281-21b5-4eb9-ade0-4eaa31e913e5
B675.txt,B675_anonymized.txt,c725bfca-00c7-4db8-bff3-e050f7ae8a42
B189.txt,B189_anonymized.txt,ee2644bc-8e78-4624-b543-a05ea349b070
B1226.txt,B1226_anonymized.txt,53da1be4-d629-4f19-84c8-62f29019c99a
B821.txt,B821_anonymized.txt,777f5a26-479e-4466-9014-704dc3acc00d
B210.txt,B210_anonymized.txt,8a00f92c-d3fe-4ec6-bd26-0288dd371a51
B709.txt,B709_anonymized.txt,c4b5552a-9435-445d-b7c2-2dce6458bae0
B332.txt,B332_anonymized.txt,1c911316-ad54-4c81-89c0-f1869efee1b9
B1274.txt,B1274_anonymized.txt,71cc978b-b3a3-475e-9ae2-8307666b261c
B542.txt,B542_anonymized.txt,8612f266-e09c-4717-8e0e-fbef1afefda3
B723.txt,B723_anonymized.txt,c891f085-5121-445a-b550-ac06c543cffb
B511.txt,B511_anonymized.txt,df2fd80c-bde5-4d73-9111-2a50b818cbcb
B1258.txt,B1258_anonymized.txt,115d3182-224c-476b-a32c-23d37e7c3880
B428.txt,B428_anonymized.txt,1d7ad235-4053-4fd2-b7df-65caec069b6c
B1124.txt,B1124_anonymized.txt,ef72fd6c-45d2-4321-bf3c-400d372c33a9
B007.txt,B007_anonymized.txt,029b5423-62aa-4de7-9089-89006db70b09
B1297.txt,B1297_anonymized.txt,9d5ae946-e88a-4360-a99e-8ffc369dd882
B1003.txt,B1003_anonymized.txt,a526001e-3938-4ec7-a55a-c6120812c7b7
B571.txt,B571_anonymized.txt,1812cfb0-9f69-45f9-b3b6-c1c4f85ee877
B638.txt,B638_anonymized.txt,d5f84c2b-1dd4-4e26-8a7a-7e5899fd070b
B1232.txt,B1232_anonymized.txt,3905c176-ad4e-4359-b10d-90691e28c928
B655.txt,B655_anonymized.txt,49b5003d-57b7-43b8-a084-73a3d0760552
B021.txt,B021_anonymized.txt,e5e26459-0b62-4eae-a96b-01bbc1f249f0
B119.txt,B119_anonymized.txt,def3a35c-1c28-44f5-8b5b-2735b76bb5d2
B435.txt,B435_anonymized.txt,a336845d-5177-4393-926f-2190b0e49a13
B1324.txt,B1324_anonymized.txt,15957740-fa8c-4987-a301-0e601e0d5672
B546.txt,B546_anonymized.txt,41b49dd2-a8a0-48c2-ab27-ffa918e64491
B065.txt,B065_anonymized.txt,e66ab7f6-d246-4f4e-be01-83f03567e758
B706.txt,B706_anonymized.txt,6e094c03-b06c-4c90-a9e0-c957f4ecc056
B689.txt,B689_anonymized.txt,d9c38d43-5d0b-4ec1-9795-9d3217c32c43
B741.txt,B741_anonymized.txt,32efb616-ae53-4fd7-8d07-dce9008bd4e4
B1095.txt,B1095_anonymized.txt,a7647986-2a42-493a-af6e-ad322b20d772
B333.txt,B333_anonymized.txt,ced525fa-9e08-4e05-8d16-dfc840fc5234
B436.txt,B436_anonymized.txt,73b42c15-f4c5-48da-af57-a12b5eab32d2
B132.txt,B132_anonymized.txt,448e4d92-7576-4a77-b5c0-5e5aa6f3c83d
B795.txt,B795_anonymized.txt,1e6460c1-9f7f-48d9-bd9a-079c50ea4336
B410.txt,B410_anonymized.txt,23784177-3903-4eea-8ba0-3fbcf2a49ae1
B1486.txt,B1486_anonymized.txt,360d8826-32d5-4892-b95b-c6f0264273ec
B1271.txt,B1271_anonymized.txt,95678019-f208-4fb3-b79e-99b0e10bfc8f
B1328.txt,B1328_anonymized.txt,53c0c4fb-32a9-4a59-8c40-84ad2b923290
B200.txt,B200_anonymized.txt,a0b803da-f169-4dce-9bee-51918df9f6e3
B1215.txt,B1215_anonymized.txt,5c31a23e-d742-40f6-a742-77276a16e490
B283.txt,B283_anonymized.txt,cb521125-a3db-436b-93c0-7cdae690e794
B814.txt,B814_anonymized.txt,a50ff620-09a3-489d-a6fe-ea54734f2f1e
B527.txt,B527_anonymized.txt,1a7f2ded-558a-4c30-afa7-0985ce99f16f
B1492.txt,B1492_anonymized.txt,76ab953b-0197-4f5c-b3a7-70208f3782a0
B547.txt,B547_anonymized.txt,2b994f53-61b7-4ddb-9ddf-8568001504c3
B075.txt,B075_anonymized.txt,a544ead3-123e-43c9-b8b7-16149a6e4904
B469.txt,B469_anonymized.txt,c0a48850-cdb3-40e8-b454-228e38bfd64c
B483.txt,B483_anonymized.txt,92097106-ded5-4a33-a82e-f36fd10d520b
B524.txt,B524_anonymized.txt,b8cbe6fd-b383-47d6-8b01-28e2aca1d869
B757.txt,B757_anonymized.txt,3a8a4664-3d5d-4b4a-896a-d1026472a7b9
B236.txt,B236_anonymized.txt,1d7d56cf-9769-4eab-a65d-869ef100555c
B1555.txt,B1555_anonymized.txt,0f50cb37-8fbc-44e1-91df-17cae4485a03
B735.txt,B735_anonymized.txt,91742d16-c3d1-4e03-9c4e-2ecfc9e8c472
B161.txt,B161_anonymized.txt,5ad950bb-217e-4d7e-8a8d-75a514f84b0e
B1153.txt,B1153_anonymized.txt,9294f64f-ac94-46d4-a2f1-70861eff3b99
B438.txt,B438_anonymized.txt,389984f6-857d-4ee9-a20c-d3a35a1d2b5b
B1504.txt,B1504_anonymized.txt,152ec28b-584f-4b39-b6d9-82af8a8f8c8f
B1477.txt,B1477_anonymized.txt,4bb675d9-ebba-4e16-9a58-f4826e49f2bc
B152.txt,B152_anonymized.txt,646dd67e-7ef9-4705-9793-aaaec59bfe27
B649.txt,B649_anonymized.txt,cf072368-d418-42d9-b716-0f65d5b2f505
B1573.txt,B1573_anonymized.txt,f64cfb03-59d4-4784-8a6a-41075a8d2a39
B1592.txt,B1592_anonymized.txt,6b44fcb2-1fdc-440c-b25d-459a7e910774
B291.txt,B291_anonymized.txt,956e7218-474e-4e9e-beac-b6f5d01e79bc
B1101.txt,B1101_anonymized.txt,2d160319-233d-4e91-a6b0-c63740df7ec2
B501.txt,B501_anonymized.txt,9c4e1523-0de3-485f-9103-0511b6e7cd4d
B1448.txt,B1448_anonymized.txt,a81a74e2-cf36-4c86-b49b-f82cc00dcbf9
B1055.txt,B1055_anonymized.txt,1beb89cc-5215-410c-ba1d-876b73c88dd8
B292.txt,B292_anonymized.txt,c50eeebb-2e23-418b-89b8-e69d8545b68e
B1562.txt,B1562_anonymized.txt,c62ab6cd-1a45-4c50-9341-e8192c3cf078
B1105.txt,B1105_anonymized.txt,b1b4aa04-21e3-425d-9718-776eb7b3b285
B136.txt,B136_anonymized.txt,e338f3f3-ea1c-4226-9cbe-19e69ee20877
B637.txt,B637_anonymized.txt,e0ff0939-8082-4ed4-93eb-72ac2aa191ab
B076.txt,B076_anonymized.txt,fa94daf3-b300-4ab0-abe6-fbc6353a6520
B749.txt,B749_anonymized.txt,da46dcb3-44ef-499d-a592-5aec8ff81018
B1379.txt,B1379_anonymized.txt,3bd504dc-9b96-4c18-af08-e43c2303cf02
B1098.txt,B1098_anonymized.txt,82a33bc3-65b6-43b4-9364-f0fd486188ec
B1387.txt,B1387_anonymized.txt,7c527e78-576b-4e4a-bc88-db57ef049189
B775.txt,B775_anonymized.txt,b754fde4-2c7e-412a-bd7b-38a533a82788
B718.txt,B718_anonymized.txt,0e978d17-f7bc-4d0d-8802-5374ee192fa4
B1146.txt,B1146_anonymized.txt,444dee05-ad9a-49a8-9751-e353b27d3d71
B259.txt,B259_anonymized.txt,6e38327f-223a-4d92-a0c8-323a2208cf3c
B1517.txt,B1517_anonymized.txt,1e311958-99b0-483c-80ae-ca06246a36ce
B686.txt,B686_anonymized.txt,7dc41168-6171-4216-b24f-cca1832b2663
B226.txt,B226_anonymized.txt,407d34cb-3ec4-4be7-98f4-e9c2c6a629a8
B1522.txt,B1522_anonymized.txt,a0fdac01-c544-4614-ba3c-2427138c9196
B715.txt,B715_anonymized.txt,61b24b7d-f6d8-43f5-b297-c43094d0e28d
B1372.txt,B1372_anonymized.txt,1772d9fe-b1df-4dec-afb4-b18107655571
B816.txt,B816_anonymized.txt,fad9871e-7cd1-401a-80c6-6fa007b13528
B1380.txt,B1380_anonymized.txt,ac857751-59a0-4d39-ba29-d06bf587d1cc
B218.txt,B218_anonymized.txt,b8bc9e80-3560-42ad-8881-c5e71c1b5e43
B1330.txt,B1330_anonymized.txt,8a037f35-f6ad-4092-be66-b40320fe2c78
B1166.txt,B1166_anonymized.txt,3f2f3470-8eeb-4f51-ace0-a4ac200e1aed
B1154.txt,B1154_anonymized.txt,26e8e0d8-b6e5-4faf-974a-21393b9170b4
B040.txt,B040_anonymized.txt,432bcf74-3435-43ce-b873-aacf259c5e64
B1323.txt,B1323_anonymized.txt,2b4a9872-d7b2-4b4d-85bc-3cbe224c07a5
B491.txt,B491_anonymized.txt,b4f1a13f-578e-4713-a843-18bf0498bb96
B608.txt,B608_anonymized.txt,e43822ba-9634-46bc-bdc0-72beec8fd287
B1532.txt,B1532_anonymized.txt,97733177-55d8-4988-89b4-1075e632aaa0
B399.txt,B399_anonymized.txt,6f0be806-8e51-48a9-b4a1-f50f9e7b1d43
B1240.txt,B1240_anonymized.txt,3ffdbd23-e51f-410f-be31-392c69c2cc60
B664.txt,B664_anonymized.txt,139cce9b-a15f-4d9b-bea1-eb0a442c064d
B681.txt,B681_anonymized.txt,c50c385d-e9c5-4726-880b-ee14fd9f948b
B1295.txt,B1295_anonymized.txt,10c5abbe-bea9-4841-b4ce-ae3d90e0e566
B796.txt,B796_anonymized.txt,cabac2a5-b846-45f2-a112-4e72383e4163
B1074.txt,B1074_anonymized.txt,83f4f319-9568-449d-a42f-67ce9a2439fd
B1227.txt,B1227_anonymized.txt,a1b187ff-e262-49b0-9da7-bcb2dee6a6f7
B784.txt,B784_anonymized.txt,5873c683-c5a9-470d-8845-9523d1415259
B597.txt,B597_anonymized.txt,da86d6b9-6243-4229-9495-1baacab03951
B513.txt,B513_anonymized.txt,575a8c6e-82ac-4b60-9168-200622dcfc25
B745.txt,B745_anonymized.txt,38ec9e67-08c7-4d7e-a52f-43d41c0168bf
B581.txt,B581_anonymized.txt,22730afd-a888-4a4b-87f7-35e481c4cceb
B110.txt,B110_anonymized.txt,b93afec3-1574-4289-bca0-7290ea0ae178
B1354.txt,B1354_anonymized.txt,9e69c9bb-4f16-46ba-9230-9db8f8bad2eb
B677.txt,B677_anonymized.txt,b4a5524f-b09d-4b3d-8ee0-4679670de250
B245.txt,B245_anonymized.txt,739e6f34-6e44-4472-b3c4-d82b38511b7f
B1025.txt,B1025_anonymized.txt,423013f2-6879-4b1a-b3c9-956ca75d9b58
B280.txt,B280_anonymized.txt,9eafb08b-cc6f-4e68-8e42-eeb3b91ed64c
B478.txt,B478_anonymized.txt,9f853db9-32d8-48e2-973e-0698ec79533b
B143.txt,B143_anonymized.txt,2148ee77-1587-4fe1-9229-47b4b56623fc
B1511.txt,B1511_anonymized.txt,8fd334db-dc76-4628-9d41-71c6b86eca38
B1491.txt,B1491_anonymized.txt,dac57c7f-4fd7-4832-8533-24a00b41dc41
B787.txt,B787_anonymized.txt,c72fa12a-71b8-4ab4-a2b1-2db2696ee87d
B1580.txt,B1580_anonymized.txt,06dab91f-0d17-4d0c-a020-ce66aa4ab9e6
B1600.txt,B1600_anonymized.txt,26477b23-6f99-47b2-8563-5157c054d8c9
B069.txt,B069_anonymized.txt,501781e5-5b68-4ffa-8de5-1aa9373bb68e
B087.txt,B087_anonymized.txt,b17ea1bc-ec47-4801-abbe-8ccd6071a0bf
B138.txt,B138_anonymized.txt,e3b0fb82-ffc8-4ab4-ba19-f2c54c94bc94
B1175.txt,B1175_anonymized.txt,5ecaa5de-35de-45dc-9649-26b6a5ba9480
B1428.txt,B1428_anonymized.txt,a56bb235-e246-4617-b362-579d7c737254
B1196.txt,B1196_anonymized.txt,223844d2-c144-463d-a0bd-c3ecf4a278d7
B1211.txt,B1211_anonymized.txt,0accaf28-21bf-4e36-909a-34eea1ae998d
B211.txt,B211_anonymized.txt,b75bb8a5-5477-4b31-a77d-0fbaff2bb0f3
B601.txt,B601_anonymized.txt,eb0b21d9-2aed-49e9-90d1-a12bd4767ea3
B1250.txt,B1250_anonymized.txt,79899bdc-401a-468f-ac70-ee6394fcdda9
B584.txt,B584_anonymized.txt,05c5e39c-ebd6-4e9a-8a1f-434cf6c9ac24
B1160.txt,B1160_anonymized.txt,7da985d5-3afc-41da-b580-ac0c417d144c
B1173.txt,B1173_anonymized.txt,54d6ee2f-42c7-4ff0-9e55-c08822d37aa0
B157.txt,B157_anonymized.txt,7cadcd1b-7489-4596-acac-e1ca44ac0416
B191.txt,B191_anonymized.txt,6bfb7493-43ee-4533-85ef-d5cd5dfa3044
B1024.txt,B1024_anonymized.txt,be1eea17-e861-4912-8979-e54a6dd1556d
B1273.txt,B1273_anonymized.txt,49316912-aa52-4c14-8df8-4b4ba2cd827a
B172.txt,B172_anonymized.txt,d2e75ce5-000b-435a-b789-07daedb92e6c
B487.txt,B487_anonymized.txt,c55c03c3-86d5-48d9-9746-54b32f84770f
B628.txt,B628_anonymized.txt,5d89a685-d4e1-48e1-b51a-fe62bd5a07d4
B807.txt,B807_anonymized.txt,f5727c6b-4e44-47df-935c-6ea2ded5f819
B1466.txt,B1466_anonymized.txt,b5edc0c9-2b29-4b7e-9bac-43d242f5a419
B342.txt,B342_anonymized.txt,65437570-ac5b-4397-a940-d07e5ace1d49
B366.txt,B366_anonymized.txt,588f1272-2458-47dd-a88a-758fa07a9201
B555.txt,B555_anonymized.txt,1b642b92-f5f2-46e3-9a64-45b8450a9476
B1229.txt,B1229_anonymized.txt,0e1436dd-ccd7-4a29-b0dc-358b3410f33f
B1086.txt,B1086_anonymized.txt,af92ecdd-69b2-4f89-8abb-4466d8ccbda3
B089.txt,B089_anonymized.txt,e01cb1c9-8195-47b6-85fa-2de9fb49f05e
B270.txt,B270_anonymized.txt,77aa6fcb-4f79-468e-9dc8-441421e7ccef
B1569.txt,B1569_anonymized.txt,cfdac48b-952c-427b-bb80-5cc9a282a449
B657.txt,B657_anonymized.txt,3d7f9ae2-120b-495e-884d-d10d3ccb5d80
B1524.txt,B1524_anonymized.txt,080c6d02-4c05-4452-a68b-d4c35c00890b
B712.txt,B712_anonymized.txt,458a8ea8-c4fd-4937-bbd3-3ff18a4da486
B1253.txt,B1253_anonymized.txt,989f6f9c-33e0-4526-b451-8bb9f56e19e6
B1263.txt,B1263_anonymized.txt,3f200f56-18de-4ab9-978a-7c9178f6193d
B695.txt,B695_anonymized.txt,30d3ab67-6724-4df6-8e72-ae0a94599472
B480.txt,B480_anonymized.txt,e87ec8fb-5c50-4d95-befe-1786b8f7286e
B1121.txt,B1121_anonymized.txt,4c5e9f58-4da9-4a8e-b397-eb1dda471b45
B532.txt,B532_anonymized.txt,a2f06149-942d-49c3-8283-d0be3ef0791d
B134.txt,B134_anonymized.txt,dbec3eed-5a61-4a84-bde9-a224b6dbe036
B363.txt,B363_anonymized.txt,85e011b8-a10a-4cfa-af4b-df36d7895dd9
B1509.txt,B1509_anonymized.txt,6e27445f-1db1-41b6-88bb-c9c5d4f28c22
B1584.txt,B1584_anonymized.txt,72e92d1c-d3ac-4039-936c-13005fc0c58f
B688.txt,B688_anonymized.txt,e291ff35-ae49-42dc-b6e1-70a67247a2ee
B661.txt,B661_anonymized.txt,d4f7cd2c-28f5-4525-853b-a29b5235e7ab
B586.txt,B586_anonymized.txt,f900a599-4c35-45a5-b9b5-d5ee8b66e8a1
B1422.txt,B1422_anonymized.txt,17405c39-1ad0-48c9-aa0a-a841e0ec3046
B1199.txt,B1199_anonymized.txt,6b07fad0-e980-42f2-bbd0-e8e75ca0cddf
B079.txt,B079_anonymized.txt,042e431d-7930-44f1-9a9b-408868c10feb
B445.txt,B445_anonymized.txt,df510363-3f8c-4ccf-9b58-00ae2a150bc8
B499.txt,B499_anonymized.txt,61c1beb0-b78f-4561-9e87-880a2f8bd047
B1182.txt,B1182_anonymized.txt,36eed18f-c984-4e16-9ef5-834a6e3a7bdb
B1045.txt,B1045_anonymized.txt,efdfe233-e31c-4ab3-bfbe-19690cc7c426
B1325.txt,B1325_anonymized.txt,3908bc39-e950-41ba-b9f4-5dcdf1ff13f1
B1371.txt,B1371_anonymized.txt,6bec22b2-3e72-4f77-88e3-3a3a41a4a49f
B1590.txt,B1590_anonymized.txt,28665255-ccea-4d8b-b757-a09f82f5581f
B001.txt,B001_anonymized.txt,e1fe350e-358f-4c51-9150-6335541d7d66
B656.txt,B656_anonymized.txt,bcee0637-96c4-4392-9dcf-900c443b0ff4
B1261.txt,B1261_anonymized.txt,8b42bc7f-39f9-4cd4-996c-44c33e1dfc4f
B223.txt,B223_anonymized.txt,1d6b1b98-941c-41e8-9ea9-6739ed6f7a71
B1008.txt,B1008_anonymized.txt,14d9fad2-328b-40f1-be74-d158b36aeefd
B1277.txt,B1277_anonymized.txt,d83eadf5-bf51-4991-9101-35e548cce262
B1401.txt,B1401_anonymized.txt,42d1cebe-e04f-4009-bb01-8772ab1f8c3f
B061.txt,B061_anonymized.txt,027f3c97-0645-42d9-8f53-a7e017ab2400
B1134.txt,B1134_anonymized.txt,15e4fbba-80f2-4e07-beb0-c1137183bfd2
B700.txt,B700_anonymized.txt,36e57154-5d2d-44ea-b1ab-eff8ebbc055f
B616.txt,B616_anonymized.txt,1524cac2-495c-4692-a572-a4fdc5e8c2d8
B1127.txt,B1127_anonymized.txt,ace08ecf-3f38-4f32-b640-2f3a55973b56
B1001.txt,B1001_anonymized.txt,c970b4e1-9a39-4b1e-b1b5-e58149082c20
B1265.txt,B1265_anonymized.txt,1a231603-06d1-43ab-b683-c8848d7213ee
B443.txt,B443_anonymized.txt,50d2ce19-067d-4961-98b2-f20d7b518c57
B734.txt,B734_anonymized.txt,fe592e83-ef6c-4faf-b0fe-817426bcc885
B568.txt,B568_anonymized.txt,0be03ef0-7d9e-4e6c-a39f-3804d583deaf
B1066.txt,B1066_anonymized.txt,952fe6cb-5ac1-496e-aa56-5e1dedd0b8c0
B374.txt,B374_anonymized.txt,a4830d26-d74c-4c3f-ab6a-5cfbc2c5cacc
B559.txt,B559_anonymized.txt,9d65af8b-547b-4371-be66-07846f2b101d
B094.txt,B094_anonymized.txt,b8863da8-aea1-4c8b-97c3-969ab7b06807
B1556.txt,B1556_anonymized.txt,6ebc7df9-fe07-4562-99f9-b298e50e20d2
B1457.txt,B1457_anonymized.txt,b88e9134-a4a2-4ff3-ab0e-f6c1f3e11fc8
B1528.txt,B1528_anonymized.txt,85924e13-d5e0-4e8b-8003-2a60ab0fdb2e
B1451.txt,B1451_anonymized.txt,515ad541-a9e7-43f5-86df-b21d1a40ef8e
B258.txt,B258_anonymized.txt,c15b9f28-bdac-46f1-b0ea-ef115890f63d
B503.txt,B503_anonymized.txt,8fca4734-17fe-47ff-addc-723f076f7eec
B232.txt,B232_anonymized.txt,e1b1b425-5840-421f-adc2-d3e550cb142f
B429.txt,B429_anonymized.txt,1a36eedc-803a-4356-9d58-d4e1055f8a4a
B1174.txt,B1174_anonymized.txt,9a2704da-c699-48ce-98ac-3696f597a983
B1582.txt,B1582_anonymized.txt,b34eba51-aac1-44c9-a476-d0135b0e6b90
B1395.txt,B1395_anonymized.txt,ce8e3398-a1b2-4836-aa2e-015ef99830cf
B1061.txt,B1061_anonymized.txt,9391ec76-6bd7-4037-b2e9-86f39349644a
B727.txt,B727_anonymized.txt,d739a05c-e32e-45d8-a11e-76c991e5838d
B1338.txt,B1338_anonymized.txt,590edd6e-c7dc-423e-9ef1-aeee828d521f
B010.txt,B010_anonymized.txt,2baeb095-7ce7-4589-b6c9-cab072f5170d
B256.txt,B256_anonymized.txt,1566f3cd-61b2-440c-927b-88f5ef0b9522
B778.txt,B778_anonymized.txt,da0035e4-d2c0-44e6-8c39-4ffb9be23f8e
B422.txt,B422_anonymized.txt,8b8f1786-53ee-4b5d-9a5b-9a8725b2397a
B472.txt,B472_anonymized.txt,0ebb6042-a7ec-404b-aa6f-03333168b6f3
B1465.txt,B1465_anonymized.txt,bf8da7db-8050-46fa-bfac-53f2520f5f75
B390.txt,B390_anonymized.txt,779184da-42f2-40f7-84a1-64e5a148965a
B549.txt,B549_anonymized.txt,916938c6-c194-46fd-8582-cb1e1b73ec1b
B1423.txt,B1423_anonymized.txt,fe74df1c-5687-4c81-bc12-307466ae7312
B419.txt,B419_anonymized.txt,9c3e0179-c35b-45e5-b68c-1d0994caff5d
B095.txt,B095_anonymized.txt,443560fc-ec5e-42e7-9143-17d294194d53
B1317.txt,B1317_anonymized.txt,e9bf301b-c5c6-4722-b187-7bf4302ca506
B1520.txt,B1520_anonymized.txt,cd4b060c-e2d2-47f3-b5f4-e38ec8d31cee
B1529.txt,B1529_anonymized.txt,ef46d429-ad6c-44f3-958f-cc27e0f8e900
B793.txt,B793_anonymized.txt,aff1a86b-3e2b-40a7-8078-8418b8408b1a
B557.txt,B557_anonymized.txt,3e541dfd-fcb4-41b4-8a9f-546ce8d464ac
B1012.txt,B1012_anonymized.txt,046d03d2-9e06-4116-8679-eb1d8667969f
B592.txt,B592_anonymized.txt,bae7e723-7a00-4c28-a729-ce52a167895f
B388.txt,B388_anonymized.txt,fb58e114-23bb-4868-96b0-5ff5df66ffec
B495.txt,B495_anonymized.txt,c44ccf1b-21f6-4fb1-8593-9246701c976b
B1219.txt,B1219_anonymized.txt,b5a33f86-0cd2-43b1-9636-0607242257d5
B1251.txt,B1251_anonymized.txt,fdde4929-aa5a-443f-a640-aac56c45662b
B1111.txt,B1111_anonymized.txt,695fccb6-1aed-411c-b2cf-a7bd8205bfd4
B651.txt,B651_anonymized.txt,05482615-204e-426c-bf97-e0ba2b0820f9
B525.txt,B525_anonymized.txt,1262b252-ec7f-4a2e-8479-f0817e599979
B804.txt,B804_anonymized.txt,b5e44e50-e6f8-4153-8137-73ab34ba43fe
B1426.txt,B1426_anonymized.txt,24370cd6-193a-43c7-8a2c-71f95b9838dc
B125.txt,B125_anonymized.txt,e1f67b49-6f9a-4dd5-8747-98de7f6db035
B251.txt,B251_anonymized.txt,fd481e29-1933-484c-87ea-a01beafcbc82
B1310.txt,B1310_anonymized.txt,eeea4ce5-f320-40b8-a519-1663063463ff
B1030.txt,B1030_anonymized.txt,2c4b87d1-7772-4b65-8477-a780aa7a79dc
B1104.txt,B1104_anonymized.txt,e4f4d40d-61e8-45bf-8d87-3becf8c91293
B1318.txt,B1318_anonymized.txt,23721ccb-d12a-4a1d-b9f5-32b3c8df8e8c
B275.txt,B275_anonymized.txt,f4ffe06a-6c31-4cfa-bd57-903076911d89
B1393.txt,B1393_anonymized.txt,b891233a-119d-4a44-9c1f-1bb7c4462515
B755.txt,B755_anonymized.txt,87368a01-4ef6-4c1b-99d8-0ec8c5170399
B1447.txt,B1447_anonymized.txt,dd3d181a-e0c6-4453-9435-815bfcf36718
B1077.txt,B1077_anonymized.txt,f9526129-df3f-4c13-bc85-ab2f95fcf562
B241.txt,B241_anonymized.txt,4b87a79b-0e29-42ef-bca4-2b75e11d3aa0
B840.txt,B840_anonymized.txt,cf5097b0-fd4b-4f2b-adfd-fc4815414539
B146.txt,B146_anonymized.txt,a15ab3f9-2053-4a13-aebc-3d6cc8ea8f67
B1404.txt,B1404_anonymized.txt,697861a6-9568-49f6-9ae8-6d8d4f60e5a4
B221.txt,B221_anonymized.txt,0680b874-5679-4d03-9a55-38669540aea2
B1527.txt,B1527_anonymized.txt,e7a3dc1e-118b-491a-b045-d738bf0055b9
B1385.txt,B1385_anonymized.txt,74ac0656-be34-46f1-a5f4-da3ffd3e53c4
B1031.txt,B1031_anonymized.txt,9415d719-7d11-459d-b11d-27ceda8f7945
B038.txt,B038_anonymized.txt,a73d498e-d602-44f7-b17d-44ec7acf77af
B034.txt,B034_anonymized.txt,7363819e-8073-4ea7-901d-d6ea2356baf9
B760.txt,B760_anonymized.txt,af1f7d4d-9f8c-4dd8-85df-c00a78b14eda
B1538.txt,B1538_anonymized.txt,e64a8529-8bd2-4d5a-b325-16a56677002d
B504.txt,B504_anonymized.txt,18ce292a-dc3c-4dd5-add9-2b6d5313d67b
B659.txt,B659_anonymized.txt,aa420a29-1ebc-406f-9255-211695ed1e84
B1596.txt,B1596_anonymized.txt,1cb5acd4-c4d1-45b8-b919-c57c3eacacc5
B027.txt,B027_anonymized.txt,e92714d2-548a-40ea-a814-5c4069e1a006
B103.txt,B103_anonymized.txt,a6ca1b23-72aa-4a0a-85c6-f9f0290e4c70
B1332.txt,B1332_anonymized.txt,f9f928db-33e9-4c28-b656-e1ef5ec6e7d7
B003.txt,B003_anonymized.txt,74c2f9b5-b3f0-4499-b04d-a4c3d0e040ff
B348.txt,B348_anonymized.txt,ee2cc636-f643-4a43-b5e7-85b1de34ae61
B600.txt,B600_anonymized.txt,53fd38fd-f498-49ea-91ee-47a4bdf98209
B433.txt,B433_anonymized.txt,f8c39ced-fcf9-4b16-aa7b-a715be8f0fc9
B185.txt,B185_anonymized.txt,037cc245-ebcc-4e6e-8a98-3745cc39bd4b
B635.txt,B635_anonymized.txt,7b249ac7-53fd-4ad9-aecc-43bfd2d8ba42
B1216.txt,B1216_anonymized.txt,e6d9ddcb-a023-4d4b-a6d5-dc53e346e8cc
B490.txt,B490_anonymized.txt,5d08d927-a95a-44be-bf0c-56e279ff7702
B1329.txt,B1329_anonymized.txt,5ec44b21-acf0-4be4-83fb-d93c9f8ef48a
B1116.txt,B1116_anonymized.txt,503c20a9-7c83-4813-b704-e35509686e0a
B768.txt,B768_anonymized.txt,8dff44df-c5d3-44cd-bc15-c2283a69297a
B1049.txt,B1049_anonymized.txt,b3deff24-0795-44c3-a956-86f2a520fb6d
B1130.txt,B1130_anonymized.txt,e83960f8-76f9-4297-a18a-32b56078ad3b
B792.txt,B792_anonymized.txt,c3f69faf-2760-4d0f-a9f9-b8f5b4f993d5
B216.txt,B216_anonymized.txt,1d50fa82-7c35-4767-82f4-56b87df96fc6
B444.txt,B444_anonymized.txt,50a0ccca-5f9a-45f9-9a56-76a49531d51c
B133.txt,B133_anonymized.txt,b73b3885-62d3-42fe-8a27-755b0562670d
B1599.txt,B1599_anonymized.txt,af4eb61b-7fd7-4a0b-8ad2-07c82b103db7
B1214.txt,B1214_anonymized.txt,7f0cc182-b6f2-4de5-84ab-2fb6b10ef99d
B465.txt,B465_anonymized.txt,1c7ae3b1-efe6-45b0-a04c-5c2a5a259a02
B375.txt,B375_anonymized.txt,22cdf4b8-31fd-445e-92f6-aaec508f5613
B497.txt,B497_anonymized.txt,5a415c84-ad30-4772-861f-97369f5ed32c
B384.txt,B384_anonymized.txt,fa0ef9f1-3dd1-4e5a-a830-854a388d3602
B678.txt,B678_anonymized.txt,dd63e58b-ae1d-45a8-b550-05c22177b144
B1148.txt,B1148_anonymized.txt,b2257554-6bff-4156-8537-509c0c012e4c
B1171.txt,B1171_anonymized.txt,0ffb4b6e-d8e2-448a-bcfb-863b50766816
B360.txt,B360_anonymized.txt,a21fba25-6e6a-4a92-9c28-ec27bee33b27
B035.txt,B035_anonymized.txt,03dada2d-0d3b-4f54-82db-ecfe864fd4b1
B1541.txt,B1541_anonymized.txt,4b4b65a9-ced6-4db0-8ced-df60375ba410
B1037.txt,B1037_anonymized.txt,36f5a206-1bde-4732-82e9-68dcab0f969d
B361.txt,B361_anonymized.txt,6514bb96-9d29-4ff8-ab1a-6184eceb0e15
B521.txt,B521_anonymized.txt,688a441d-f889-4148-ada3-bee01fc18770
B791.txt,B791_anonymized.txt,0570f464-2e1c-464e-9c77-defa7dbfebbb
B1164.txt,B1164_anonymized.txt,af7f8b44-79ff-4164-8327-043568ffca6b
B1016.txt,B1016_anonymized.txt,27fa9b83-e68c-48a0-819a-ca0589eb52b8
B1437.txt,B1437_anonymized.txt,53426960-2398-4b88-90a4-b88542766827
B740.txt,B740_anonymized.txt,53bbbc27-6845-4441-bf9a-09dd576dc431
B640.txt,B640_anonymized.txt,90ae8402-01b5-496a-9bfe-2867fbef0f30
B1280.txt,B1280_anonymized.txt,d9a0e288-b334-4693-98e1-6893de472a8a
B1474.txt,B1474_anonymized.txt,dbb67ce7-ec50-4d2f-9839-eaa6a66e09a6
B1489.txt,B1489_anonymized.txt,7d2929ec-7afc-4969-8de1-fef97d876cf7
B1137.txt,B1137_anonymized.txt,df94ae7d-42f6-45bb-baa4-4bed39e671b8
B486.txt,B486_anonymized.txt,afff7e1d-9a61-43f7-81a5-1b8a37a7b904
B1533.txt,B1533_anonymized.txt,66f1998d-b0df-40ae-b6aa-28e3f8f56f90
B1304.txt,B1304_anonymized.txt,892cbfd6-117f-4326-930e-b99ab35e45db
B031.txt,B031_anonymized.txt,ae03b31c-9dac-40bb-bc68-23b7a651d566
B160.txt,B160_anonymized.txt,786bc39c-4e2e-49b8-a43e-ddc5ea86e135
B059.txt,B059_anonymized.txt,be3d5901-70fd-4c4e-8575-6ad502995f20
B1235.txt,B1235_anonymized.txt,0f43ff56-f9ad-49b8-975a-0686c8ed7f0a
B798.txt,B798_anonymized.txt,80195281-2aa0-4bb9-be36-d73546a13b7b
B1550.txt,B1550_anonymized.txt,3d38a9a9-3afe-4cb3-8b67-a94a143c5273
B222.txt,B222_anonymized.txt,142f9cdd-cf7f-4053-9bed-98e882b0b512
B1484.txt,B1484_anonymized.txt,ea48a4a5-a2ba-471f-a830-defe6cbc7169
B1245.txt,B1245_anonymized.txt,b2f12eb0-6e39-45ad-a7d0-dd3c1d17f228
B217.txt,B217_anonymized.txt,660eeeef-55bc-40c0-be79-afd3dbd68c62
B579.txt,B579_anonymized.txt,5b30d032-44c6-49d9-92bf-1d52a999a654
B263.txt,B263_anonymized.txt,5677508d-4ca0-41ef-8a2e-d89e0ebc52a7
B1557.txt,B1557_anonymized.txt,2beccffc-980b-4b1d-91a3-31528c8bec50
B230.txt,B230_anonymized.txt,0efd5021-04cd-455d-8d36-2cc84d49bff7
B619.txt,B619_anonymized.txt,23c71082-d4f6-488b-82ca-b81fb1b9dc89
B176.txt,B176_anonymized.txt,c1a9e145-587b-42ab-b39c-04bb67331903
B1106.txt,B1106_anonymized.txt,0b1b67f5-0c7e-40a4-bb05-06fa93444a21
B1088.txt,B1088_anonymized.txt,d4aaef11-9a3f-4d3c-b249-56bfc2f2a5d4
B1403.txt,B1403_anonymized.txt,4c09da61-11cf-4a68-982b-0ff83e410550
B565.txt,B565_anonymized.txt,581af4b1-c359-4a62-9fc3-752cc617061b
B1370.txt,B1370_anonymized.txt,8ee4e1ec-71c0-41b2-9a0e-f66f547edb11
B1464.txt,B1464_anonymized.txt,76dce30b-29bb-4c66-a28b-75160e2e39fb
B1287.txt,B1287_anonymized.txt,6ca8d4b2-8d4b-4fe4-97e3-e8ae3a0c25b2
B572.txt,B572_anonymized.txt,247ac37b-6788-43e0-af38-a863e95cc197
B1339.txt,B1339_anonymized.txt,7c539337-75b9-4b5e-980f-a7bb406dbd10
B343.txt,B343_anonymized.txt,959eaccf-1726-4599-ad10-dc8953bf2204
B1044.txt,B1044_anonymized.txt,eef81bfc-8794-41dc-a709-aaefc3b4c7ff
B634.txt,B634_anonymized.txt,909beed5-5e3f-4a77-bcbc-8c6bbfccce6d
B1255.txt,B1255_anonymized.txt,1e03694f-557c-4dc2-a36f-168c12a3cf8e
B1501.txt,B1501_anonymized.txt,deb46777-a813-45b3-91d7-c8f85bd1fbc9
B777.txt,B777_anonymized.txt,fd0e8609-5b9c-4e66-a71a-6340c32a4550
B1415.txt,B1415_anonymized.txt,b1d946bd-94b7-4c5e-9a53-a441e7f7b5f9
B1402.txt,B1402_anonymized.txt,6045c394-6f7a-46eb-b9ce-afa6096986a2
B240.txt,B240_anonymized.txt,b1e35b7d-f1b5-42cb-979d-d93c77ed6a8f
B1206.txt,B1206_anonymized.txt,4427db13-c19a-40fe-a889-282e9466c7a3
B415.txt,B415_anonymized.txt,da65ca06-e7e9-43dc-8e7f-7bbda7ee4929
B335.txt,B335_anonymized.txt,c39f970e-2a4a-4364-9fe6-583038642c32
B233.txt,B233_anonymized.txt,4bd80771-04d1-45ae-92a7-356008af78b9
B552.txt,B552_anonymized.txt,cc97cab0-389a-4e91-9d8f-4557fba0ccb1
B1149.txt,B1149_anonymized.txt,d739c1c0-d13a-4ce7-8f26-30a3e878fccb
B1152.txt,B1152_anonymized.txt,ed9fdad3-1f56-4adb-9d92-2228e4e4dfd9
B296.txt,B296_anonymized.txt,6d97a5d2-1954-4fdf-964d-2f49262cc5b5
B824.txt,B824_anonymized.txt,5f09491a-d4ac-4150-8872-61f0b4fecf89
B1454.txt,B1454_anonymized.txt,b15e708e-c253-4791-ab8c-ba694fcbef7a
B186.txt,B186_anonymized.txt,f9af8161-94e9-4c5f-867f-bbcbb660d2e9
B1480.txt,B1480_anonymized.txt,bb8ddc84-40dd-4eee-8116-a68a161309ba
B1588.txt,B1588_anonymized.txt,18349188-3790-470a-b66f-98e687e0fc3b
B492.txt,B492_anonymized.txt,4c867724-2d39-4ff1-817f-e56d9c00e631
B1377.txt,B1377_anonymized.txt,5733b039-ae14-4d4b-8311-ff4886e49467
B1438.txt,B1438_anonymized.txt,2252c436-241d-4d16-9551-6937748a5019
B738.txt,B738_anonymized.txt,789025ab-b80e-4a43-9dca-0472f6ac4d3e
B1476.txt,B1476_anonymized.txt,9e4261b2-4f17-47c8-a7be-9f15fb18d2b1
B1070.txt,B1070_anonymized.txt,b2e0b17f-5975-4574-8cba-b636abfd9fa0
B262.txt,B262_anonymized.txt,2322afc5-9686-487f-a0ec-5de5801bba07
B454.txt,B454_anonymized.txt,4688d0c6-1c2f-4212-a0be-2b1a777f6211
B1362.txt,B1362_anonymized.txt,d93c7ace-fe27-4aee-85f1-9d7fdaa850d2
B803.txt,B803_anonymized.txt,2cce8878-d18f-4e63-b409-94ecf85aba57
B124.txt,B124_anonymized.txt,c9de96af-8d70-40c2-8f41-9a7cdfa0a055
B402.txt,B402_anonymized.txt,1e7340f4-bf01-4bf0-aec5-dd5e1a3c59d8
B1346.txt,B1346_anonymized.txt,10a27f8c-9f5d-4437-9b98-7595243c5936
B341.txt,B341_anonymized.txt,895ec3b9-d453-477a-a686-bb25d4598fa4
B519.txt,B519_anonymized.txt,fd12dafb-2575-46b0-89fa-0d7120561d22
B1096.txt,B1096_anonymized.txt,665971b8-13f2-42c0-8c21-fddeb9007e63
B463.txt,B463_anonymized.txt,3ab4a851-509f-457f-aa2f-38dee4746b21
B1353.txt,B1353_anonymized.txt,31ee85ea-1217-4921-b491-d2ac910de2c8
B548.txt,B548_anonymized.txt,6134f552-2c33-47ce-a410-e7cdc62cd4b5
B1007.txt,B1007_anonymized.txt,6e4a4c14-53ab-47cf-9600-0f6f06144202
B012.txt,B012_anonymized.txt,87ff305d-6088-49fd-b6d6-0d5a92aa1a54
B766.txt,B766_anonymized.txt,0ee7c51d-8570-4671-904d-4c3c6c82462c
B1478.txt,B1478_anonymized.txt,bff2e2f9-bcc3-415f-b30d-eb6d02a0257c
B212.txt,B212_anonymized.txt,6651da1d-9f8a-42ce-8051-02f8d8b78527
B1374.txt,B1374_anonymized.txt,6f64a157-1bee-44f0-ac67-e7275bfa2708
B799.txt,B799_anonymized.txt,738114a7-232b-460d-afd3-5cd088f89223
B1388.txt,B1388_anonymized.txt,a91bf852-a8f9-4935-93d8-1367997922fa
B1039.txt,B1039_anonymized.txt,b4177d86-3bf7-421c-b4a6-5e10fbf57c7e
B420.txt,B420_anonymized.txt,00d41f02-6904-43f6-9c9f-12d496e523cc
B626.txt,B626_anonymized.txt,a9a0942d-6468-4ac3-a654-c0d26466ca56
B1576.txt,B1576_anonymized.txt,030a7714-1adb-4c9e-b38e-3ef6b6218e11
B1281.txt,B1281_anonymized.txt,2e06a5f2-41c4-4fad-ad1b-4b45b8f9c3e6
B396.txt,B396_anonymized.txt,8b0eae60-dc6d-4fb2-98b4-ba88d88a0a67
B1053.txt,B1053_anonymized.txt,5fddbb8a-10df-4dbf-9323-992445a58edf
B1382.txt,B1382_anonymized.txt,61a70c1e-ce04-4c7c-abbd-dec64e8e98cd
B122.txt,B122_anonymized.txt,ff9d4ba5-b9de-4d01-937a-83bbd1a6c741
B074.txt,B074_anonymized.txt,a3b6e589-6127-4615-b8ad-096891366b8b
B121.txt,B121_anonymized.txt,20344bce-7a4e-41ad-993d-ae627cb52ec0
B1313.txt,B1313_anonymized.txt,d3c24c11-0c5d-4557-a48f-00cb4b2069e8
B583.txt,B583_anonymized.txt,8153b19a-efc3-423d-9370-d0da924c38ca
B790.txt,B790_anonymized.txt,b27430b0-17ff-47fa-8123-da88910261d4
B1109.txt,B1109_anonymized.txt,a5b2d5f6-db2e-417f-a098-ee5b8ef41b05
B325.txt,B325_anonymized.txt,8626961e-a8ff-44f5-b903-22444bbbc750
B692.txt,B692_anonymized.txt,5915daca-f714-4d65-ab89-8ab068ad4d56
B1326.txt,B1326_anonymized.txt,39a29e9d-2a3c-4222-b766-4e1911e36405
B367.txt,B367_anonymized.txt,11e1d141-40fe-4b0b-915a-ee83fe561ea7
